y,m,Date,Close,w
2016,12,12/28/2016,32.880001,53
2016,12,12/27/2016,33.700001,53
2016,12,12/23/2016,33.650002,52
2016,12,12/22/2016,33.599998,52
2016,12,12/21/2016,33.68,52
2016,12,12/20/2016,33.75,52
2016,12,12/19/2016,33.650002,52
2016,12,12/16/2016,33.610001,51
2016,12,12/15/2016,33.639999,51
2016,12,12/14/2016,33.580002,51
2016,12,12/13/2016,33.959999,51
2016,12,12/12/2016,33.740002,51
2016,12,12/9/2016,33.830002,50
2016,12,12/8/2016,33.73,50
2016,12,12/7/2016,33.650002,50
2016,12,12/6/2016,33.240002,50
2016,12,12/5/2016,33.099998,50
2016,12,12/2/2016,32.889999,49
2016,12,12/1/2016,32.860001,49
2016,11,11/30/2016,32.970001,49
2016,11,11/29/2016,33.02,49
2016,11,11/28/2016,32.970001,49
2016,11,11/25/2016,33.07,48
2016,11,11/23/2016,32.98,48
2016,11,11/22/2016,33,48
2016,11,11/21/2016,32.889999,48
2016,11,11/18/2016,32.669998,47
2016,11,11/17/2016,32.790001,47
2016,11,11/16/2016,32.669998,47
2016,11,11/15/2016,32.759998,47
2016,11,11/14/2016,32.560001,47
2016,11,11/11/2016,32.599998,46
2016,11,11/10/2016,32.720001,46
2016,11,11/9/2016,32.77,46
2016,11,11/8/2016,32.580002,46
2016,11,11/7/2016,32.490002,46
2016,11,11/4/2016,31.959999,45
2016,11,11/3/2016,32.040001,45
2016,11,11/2/2016,32.130001,45
2016,11,11/1/2016,32.360001,45
2016,10,10/31/2016,32.52,45
2016,10,10/28/2016,32.509998,44
2016,10,10/27/2016,32.549999,44
2016,10,10/26/2016,32.669998,44
2016,10,10/25/2016,32.77,44
2016,10,10/24/2016,32.869999,44
2016,10,10/21/2016,32.779999,43
2016,10,10/20/2016,32.810001,43
2016,10,10/19/2016,32.84,43
2016,10,10/18/2016,32.75,43
2016,10,10/17/2016,32.5,43
2016,10,10/14/2016,32.560001,42
2016,10,10/13/2016,32.560001,42
2016,10,10/12/2016,32.66,42
2016,10,10/11/2016,32.650002,42
2016,10,10/10/2016,33.07,42
2016,10,10/7/2016,32.93,41
2016,10,10/6/2016,33.060001,41
2016,10,10/5/2016,33.110001,41
2016,10,10/4/2016,32.990002,41
2016,10,10/3/2016,33.110001,41
2016,9,9/30/2016,33.150002,40
2016,9,9/29/2016,32.98,40
2016,9,9/28/2016,33.27,40
2016,9,9/27/2016,33.07,40
2016,9,9/26/2016,32.900002,40
2016,9,9/23/2016,33.16,39
2016,9,9/22/2016,33.349998,39
2016,9,9/21/2016,33.099998,39
2016,9,9/20/2016,32.689999,39
2016,9,9/19/2016,32.650002,39
2016,9,9/16/2016,32.549999,38
2016,9,9/15/2016,32.75,38
2016,9,9/14/2016,32.459999,38
2016,9,9/13/2016,32.459999,38
2016,9,9/12/2016,32.98,38
2016,9,9/9/2016,32.68,37
2016,9,9/8/2016,33.389999,37
2016,9,9/7/2016,33.48,37
2016,9,9/6/2016,33.439999,37
2016,9,9/2/2016,33.23,36
2016,9,9/1/2016,33.009998,36
2016,8,8/31/2016,32.959999,36
2016,8,8/30/2016,33.029999,36
2016,8,8/29/2016,33.09,36
2016,8,8/26/2016,32.950001,35
2016,8,8/25/2016,33.049999,35
2016,8,8/24/2016,33.09,35
2016,8,8/23/2016,33.23,35
2016,8,8/22/2016,33.150002,35
2016,8,8/19/2016,33.16,34
2016,8,8/18/2016,33.279999,34
2016,8,8/17/2016,33.150002,34
2016,8,8/16/2016,33.139999,34
2016,8,8/15/2016,33.259998,34
2016,8,8/12/2016,33.139999,33
2016,8,8/11/2016,33.169998,33
2016,8,8/10/2016,33.009998,33
2016,8,8/9/2016,33.02,33
2016,8,8/8/2016,32.91,33
2016,8,8/5/2016,32.889999,32
2016,8,8/4/2016,32.66,32
2016,8,8/3/2016,32.580002,32
2016,8,8/2/2016,32.57,32
2016,8,8/1/2016,32.75,32
2016,7,7/29/2016,32.830002,31
2016,7,7/28/2016,32.669998,31
2016,7,7/27/2016,32.639999,31
2016,7,7/26/2016,32.619999,31
2016,7,7/25/2016,32.549999,31
2016,7,7/22/2016,32.610001,30
2016,7,7/21/2016,32.529999,30
2016,7,7/20/2016,32.610001,30
2016,7,7/19/2016,32.450001,30
2016,7,7/18/2016,32.549999,30
2016,7,7/15/2016,32.48,29
2016,7,7/14/2016,32.540001,29
2016,7,7/13/2016,32.360001,29
2016,7,7/12/2016,32.360001,29
2016,7,7/11/2016,32.09,29
2016,7,7/8/2016,31.860001,28
2016,7,7/7/2016,31.450001,28
2016,7,7/6/2016,31.469999,28
2016,7,7/5/2016,31.4,28
2016,7,7/1/2016,31.719999,27
2016,6,6/30/2016,31.629999,27
2016,6,6/29/2016,31.25,27
2016,6,6/28/2016,30.75,27
2016,6,6/27/2016,30.18,27
2016,6,6/24/2016,30.74,26
2016,6,6/23/2016,32.18,26
2016,6,6/22/2016,31.700001,26
2016,6,6/21/2016,31.709999,26
2016,6,6/20/2016,31.6,26
2016,6,6/17/2016,31.24,25
2016,6,6/16/2016,31.200001,25
2016,6,6/15/2016,31.18,25
2016,6,6/14/2016,31.120001,25
2016,6,6/13/2016,31.299999,25
2016,6,6/10/2016,31.6,24
2016,6,6/9/2016,32.060001,24
2016,6,6/8/2016,32.220001,24
2016,6,6/7/2016,32.110001,24
2016,6,6/6/2016,31.969999,24
2016,6,6/3/2016,31.799999,23
2016,6,6/2/2016,31.74,23
2016,6,6/1/2016,31.68,23
2016,5,5/31/2016,31.629999,23
2016,5,5/27/2016,31.66,22
2016,5,5/26/2016,31.59,22
2016,5,5/25/2016,31.559999,22
2016,5,5/24/2016,31.309999,22
2016,5,5/23/2016,30.959999,22
2016,5,5/20/2016,31.02,21
2016,5,5/18/2016,30.959999,21
2016,5,5/17/2016,30.99,21
2016,5,5/16/2016,31.190001,21
2016,5,5/13/2016,30.93,20
2016,5,5/12/2016,31.17,20
2016,5,5/11/2016,31.200001,20
2016,5,5/10/2016,31.42,20
2016,5,5/9/2016,31.07,20
2016,5,5/6/2016,31.08,19
2016,5,5/5/2016,31.02,19
2016,5,5/4/2016,31.030001,19
2016,5,5/3/2016,31.27,19
2016,5,5/2/2016,31.639999,19
2016,4,4/29/2016,31.440001,18
2016,4,4/28/2016,31.58,18
2016,4,4/27/2016,31.809999,18
2016,4,4/26/2016,31.75,18
2016,4,4/25/2016,31.66,18
2016,4,4/22/2016,31.76,17
2016,4,4/21/2016,31.75,17
2016,4,4/20/2016,31.889999,17
2016,4,4/19/2016,31.9,17
2016,4,4/18/2016,31.67,17
2016,4,4/15/2016,31.5,16
2016,4,4/14/2016,31.51,16
2016,4,4/13/2016,31.51,16
2016,4,4/12/2016,31.129999,16
2016,4,4/11/2016,30.83,16
2016,4,4/8/2016,30.84,15
2016,4,4/7/2016,30.6,15
2016,4,4/6/2016,30.92,15
2016,4,4/5/2016,30.620001,15
2016,4,4/4/2016,30.98,15
2016,4,4/1/2016,31.07,14
2016,3,3/31/2016,31.07,14
2016,3,3/30/2016,31.15,14
2016,3,3/29/2016,30.98,14
2016,3,3/28/2016,30.67,14
2016,3,3/24/2016,30.610001,13
2016,3,3/23/2016,30.690001,13
2016,3,3/22/2016,30.92,13
2016,3,3/21/2016,30.950001,13
2016,3,3/18/2016,30.959999,12
2016,3,3/17/2016,30.870001,12
2016,3,3/16/2016,30.6,12
2016,3,3/15/2016,30.370001,12
2016,3,3/14/2016,30.549999,12
2016,3,3/11/2016,30.58,11
2016,3,3/10/2016,30.059999,11
2016,3,3/9/2016,30.07,11
2016,3,3/8/2016,29.950001,11
2016,3,3/7/2016,30.280001,11
2016,3,3/4/2016,30.24,10
2016,3,3/3/2016,30.08,10
2016,3,3/2/2016,29.879999,10
2016,3,3/1/2016,29.709999,10
2016,2,2/29/2016,29.1,10
2016,2,2/26/2016,29.219999,9
2016,2,2/25/2016,29.25,9
2016,2,2/24/2016,28.959999,9
2016,2,2/23/2016,28.92,9
2016,2,2/22/2016,29.27,9
2016,2,2/19/2016,28.92,8
2016,2,2/18/2016,28.940001,8
2016,2,2/17/2016,29.01,8
2016,2,2/16/2016,28.559999,8
2016,2,2/12/2016,28.09,7
2016,2,2/11/2016,27.68,7
2016,2,2/10/2016,28.040001,7
2016,2,2/9/2016,28.02,7
2016,2,2/8/2016,28.15,7
2016,2,2/5/2016,28.559999,6
2016,2,2/4/2016,29.01,6
2016,2,2/3/2016,28.9,6
2016,2,2/2/2016,28.77,6
2016,2,2/1/2016,29.280001,6
2016,1,1/29/2016,29.32,5
2016,1,1/28/2016,28.68,5
2016,1,1/27/2016,28.57,5
2016,1,1/26/2016,28.76,5
2016,1,1/25/2016,28.4,5
2016,1,1/22/2016,28.75,4
2016,1,1/21/2016,28.129999,4
2016,1,1/20/2016,28.030001,4
2016,1,1/19/2016,28.42,4
2016,1,1/15/2016,28.379999,3
2016,1,1/14/2016,29.02,3
2016,1,1/13/2016,28.719999,3
2016,1,1/12/2016,29.219999,3
2016,1,1/11/2016,29.07,3
2016,1,1/8/2016,29.120001,2
2016,1,1/7/2016,29.41,2
2016,1,1/6/2016,30.01,2
2016,1,1/5/2016,30.379999,2
2016,1,1/4/2016,30.370001,2
2015,12,12/31/2015,30.83,53
2015,12,12/30/2015,31.07,53
2015,12,12/29/2015,31.280001,53
2015,12,12/28/2015,31.6,53
2015,12,12/24/2015,31.68,52
2015,12,12/23/2015,31.73,52
2015,12,12/22/2015,31.33,52
2015,12,12/21/2015,31.129999,52
2015,12,12/18/2015,30.959999,51
2015,12,12/17/2015,31.32,51
2015,12,12/16/2015,31.639999,51
2015,12,12/15/2015,31.23,51
2015,12,12/14/2015,30.950001,51
2015,12,12/11/2015,30.92,50
2015,12,12/10/2015,31.459999,50
2015,12,12/9/2015,31.43,50
2015,12,12/8/2015,31.6,50
2015,12,12/7/2015,31.870001,50
2015,12,12/4/2015,32.099998,49
2015,12,12/3/2015,31.73,49
2015,12,12/2/2015,32.060001,49
2015,12,12/1/2015,32.349998,49
2015,11,11/30/2015,32.029999,49
2015,11,11/27/2015,32.150002,48
2015,11,11/25/2015,32.150002,48
2015,11,11/24/2015,32.119999,48
2015,11,11/23/2015,32.09,48
2015,11,11/20/2015,32.150002,47
2015,11,11/19/2015,32.09,47
2015,11,11/18/2015,32.02,47
2015,11,11/17/2015,31.67,47
2015,11,11/16/2015,31.629999,47
2015,11,11/13/2015,31.309999,46
2015,11,11/12/2015,31.58,46
2015,11,11/11/2015,31.940001,46
2015,11,11/10/2015,31.969999,46
2015,11,11/9/2015,31.969999,46
2015,11,11/6/2015,32.25,45
2015,11,11/5/2015,32.349998,45
2015,11,11/4/2015,32.380001,45
2015,11,11/3/2015,32.48,45
2015,11,11/2/2015,32.41,45
2015,10,10/30/2015,32.099998,44
2015,10,10/29/2015,32.18,44
2015,10,10/28/2015,32.32,44
2015,10,10/27/2015,32.029999,44
2015,10,10/26/2015,32.189999,44
2015,10,10/23/2015,32.27,43
2015,10,10/22/2015,32,43
2015,10,10/21/2015,31.620001,43
2015,10,10/20/2015,31.780001,43
2015,10,10/19/2015,31.84,43
2015,10,10/16/2015,31.870001,42
2015,10,10/15/2015,31.82,42
2015,10,10/14/2015,31.360001,42
2015,10,10/13/2015,31.440001,42
2015,10,10/12/2015,31.700001,42
2015,10,10/9/2015,31.690001,41
2015,10,10/8/2015,31.620001,41
2015,10,10/7/2015,31.389999,41
2015,10,10/6/2015,31.110001,41
2015,10,10/5/2015,31.120001,41
2015,10,10/2/2015,30.6,40
2015,10,10/1/2015,30.190001,40
2015,9,9/30/2015,30.139999,40
2015,9,9/29/2015,29.610001,40
2015,9,9/28/2015,29.639999,40
2015,9,9/25/2015,30.26,39
2015,9,9/24/2015,30.219999,39
2015,9,9/23/2015,30.33,39
2015,9,9/22/2015,30.440001,39
2015,9,9/21/2015,30.889999,39
2015,9,9/18/2015,30.84,38
2015,9,9/17/2015,31.32,38
2015,9,9/16/2015,31.309999,38
2015,9,9/15/2015,31,38
2015,9,9/14/2015,30.74,38
2015,9,9/11/2015,30.85,37
2015,9,9/10/2015,30.77,37
2015,9,9/9/2015,30.67,37
2015,9,9/8/2015,30.870001,37
2015,9,9/4/2015,30.23,36
2015,9,9/3/2015,30.68,36
2015,9,9/2/2015,30.629999,36
2015,9,9/1/2015,30.23,36
2015,8,8/31/2015,31.040001,36
2015,8,8/28/2015,31.25,35
2015,8,8/27/2015,31.200001,35
2015,8,8/26/2015,30.59,35
2015,8,8/25/2015,29.82,35
2015,8,8/24/2015,29.91,35
2015,8,8/21/2015,31.02,34
2015,8,8/20/2015,31.780001,34
2015,8,8/19/2015,32.389999,34
2015,8,8/18/2015,32.639999,34
2015,8,8/17/2015,32.77,34
2015,8,8/14/2015,32.68,33
2015,8,8/13/2015,32.619999,33
2015,8,8/12/2015,32.639999,33
2015,8,8/11/2015,32.73,33
2015,8,8/10/2015,33.060001,33
2015,8,8/7/2015,32.689999,32
2015,8,8/6/2015,32.77,32
2015,8,8/5/2015,32.950001,32
2015,8,8/4/2015,32.849998,32
2015,8,8/3/2015,32.889999,32
2015,7,7/31/2015,32.990002,31
2015,7,7/30/2015,32.93,31
2015,7,7/29/2015,32.939999,31
2015,7,7/28/2015,32.75,31
2015,7,7/27/2015,32.439999,31
2015,7,7/24/2015,32.669998,30
2015,7,7/23/2015,33,30
2015,7,7/22/2015,33.130001,30
2015,7,7/21/2015,33.25,30
2015,7,7/20/2015,33.330002,30
2015,7,7/17/2015,33.360001,29
2015,7,7/16/2015,33.369999,29
2015,7,7/15/2015,33.139999,29
2015,7,7/14/2015,33.220001,29
2015,7,7/13/2015,33.060001,29
2015,7,7/10/2015,32.790001,28
2015,7,7/9/2015,32.299999,28
2015,7,7/8/2015,32.119999,28
2015,7,7/7/2015,32.650002,28
2015,7,7/6/2015,32.619999,28
2015,7,7/2/2015,32.91,27
2015,7,7/1/2015,32.919998,27
2015,6,6/30/2015,32.759998,27
2015,6,6/29/2015,32.689999,27
2015,6,6/26/2015,33.360001,26
2015,6,6/25/2015,33.419998,26
2015,6,6/24/2015,33.48,26
2015,6,6/23/2015,33.68,26
2015,6,6/22/2015,33.630001,26
2015,6,6/19/2015,33.34,25
2015,6,6/18/2015,33.459999,25
2015,6,6/17/2015,33.209999,25
2015,6,6/16/2015,33.16,25
2015,6,6/15/2015,33.049999,25
2015,6,6/12/2015,33.209999,24
2015,6,6/11/2015,33.400002,24
2015,6,6/10/2015,33.330002,24
2015,6,6/9/2015,32.919998,24
2015,6,6/8/2015,33,24
2015,6,6/5/2015,33.139999,23
2015,6,6/4/2015,33.259998,23
2015,6,6/3/2015,33.540001,23
2015,6,6/2/2015,33.459999,23
2015,6,6/1/2015,33.43,23
2015,5,5/29/2015,33.43,22
2015,5,5/28/2015,33.630001,22
2015,5,5/27/2015,33.700001,22
2015,5,5/26/2015,33.439999,22
2015,5,5/22/2015,33.799999,21
2015,5,5/21/2015,33.900002,21
2015,5,5/20/2015,33.82,21
2015,5,5/19/2015,33.82,21
2015,5,5/18/2015,33.869999,21
2015,5,5/15/2015,33.84,20
2015,5,5/14/2015,33.779999,20
2015,5,5/13/2015,33.470001,20
2015,5,5/12/2015,33.41,20
2015,5,5/11/2015,33.48,20
2015,5,5/8/2015,33.639999,19
2015,5,5/7/2015,33.200001,19
2015,5,5/6/2015,33.150002,19
2015,5,5/5/2015,33.220001,19
2015,5,5/4/2015,33.580002,19
2015,5,5/1/2015,33.52,18
2015,4,4/30/2015,33.290001,18
2015,4,4/29/2015,33.599998,18
2015,4,4/28/2015,33.77,18
2015,4,4/27/2015,33.720001,18
2015,4,4/24/2015,33.77,17
2015,4,4/23/2015,33.68,17
2015,4,4/22/2015,33.57,17
2015,4,4/21/2015,33.459999,17
2015,4,4/20/2015,33.41,17
2015,4,4/17/2015,33.240002,16
2015,4,4/16/2015,33.599998,16
2015,4,4/15/2015,33.580002,16
2015,4,4/14/2015,33.41,16
2015,4,4/13/2015,33.32,16
2015,4,4/10/2015,33.419998,15
2015,4,4/9/2015,33.310001,15
2015,4,4/8/2015,33.209999,15
2015,4,4/7/2015,33.080002,15
2015,4,4/6/2015,33.119999,15
2015,4,4/2/2015,32.889999,14
2015,4,4/1/2015,32.73,14
2015,3,3/31/2015,32.740002,14
2015,3,3/30/2015,32.990002,14
2015,3,3/27/2015,32.700001,13
2015,3,3/26/2015,32.619999,13
2015,3,3/25/2015,32.75,13
2015,3,3/24/2015,33.139999,13
2015,3,3/23/2015,33.240002,13
2015,3,3/20/2015,33.23,12
2015,3,3/19/2015,32.869999,12
2015,3,3/18/2015,33.07,12
2015,3,3/17/2015,32.619999,12
2015,3,3/16/2015,32.669998,12
2015,3,3/13/2015,32.32,11
2015,3,3/12/2015,32.509998,11
2015,3,3/11/2015,32.150002,11
2015,3,3/10/2015,32.130001,11
2015,3,3/9/2015,32.630001,11
2015,3,3/6/2015,32.560001,10
2015,3,3/5/2015,32.970001,10
2015,3,3/4/2015,32.93,10
2015,3,3/3/2015,33.049999,10
2015,3,3/2/2015,33.200001,10
2015,2,2/27/2015,33.080002,9
2015,2,2/26/2015,33.130001,9
2015,2,2/25/2015,33.189999,9
2015,2,2/24/2015,33.169998,9
2015,2,2/23/2015,33.060001,9
2015,2,2/20/2015,33.080002,8
2015,2,2/19/2015,32.900002,8
2015,2,2/18/2015,32.91,8
2015,2,2/17/2015,32.860001,8
2015,2,2/13/2015,32.82,7
2015,2,2/12/2015,32.66,7
2015,2,2/11/2015,32.330002,7
2015,2,2/10/2015,32.369999,7
2015,2,2/9/2015,32.119999,7
2015,2,2/6/2015,32.25,6
2015,2,2/5/2015,32.43,6
2015,2,2/4/2015,32.119999,6
2015,2,2/3/2015,32.25,6
2015,2,2/2/2015,31.84,6
2015,1,1/30/2015,31.51,5
2015,1,1/29/2015,31.870001,5
2015,1,1/28/2015,31.629999,5
2015,1,1/27/2015,31.98,5
2015,1,1/26/2015,32.220001,5
2015,1,1/23/2015,32.07,4
2015,1,1/22/2015,32.18,4
2015,1,1/21/2015,31.82,4
2015,1,1/20/2015,31.67,4
2015,1,1/16/2015,31.629999,3
2015,1,1/15/2015,31.299999,3
2015,1,1/14/2015,31.440001,3
2015,1,1/13/2015,31.57,3
2015,1,1/12/2015,31.58,3
2015,1,1/9/2015,31.74,2
2015,1,1/8/2015,31.940001,2
2015,1,1/7/2015,31.469999,2
2015,1,1/6/2015,31.17,2
2015,1,1/5/2015,31.43,2
2015,1,1/2/2015,31.950001,1
2014,12,12/31/2014,31.98,53
2014,12,12/30/2014,32.200001,53
2014,12,12/29/2014,32.349998,53
2014,12,12/26/2014,32.889999,52
2014,12,12/24/2014,32.779999,52
2014,12,12/23/2014,32.759998,52
2014,12,12/22/2014,32.759998,52
2014,12,12/19/2014,32.630001,51
2014,12,12/18/2014,32.52,51
2014,12,12/17/2014,31.9,51
2014,12,12/16/2014,31.41,51
2014,12,12/15/2014,31.51,51
2014,12,12/12/2014,31.790001,50
2014,12,12/11/2014,32.23,50
2014,12,12/10/2014,32.16,50
2014,12,12/9/2014,32.610001,50
2014,12,12/8/2014,32.619999,50
2014,12,12/5/2014,32.860001,49
2014,12,12/4/2014,32.82,49
2014,12,12/3/2014,32.869999,49
2014,12,12/2/2014,32.77,49
2014,12,12/1/2014,32.630001,49
2014,11,11/28/2014,32.849998,48
2014,11,11/26/2014,33.009998,48
2014,11,11/25/2014,32.919998,48
2014,11,11/24/2014,32.919998,48
2014,11,11/21/2014,32.799999,47
2014,11,11/20/2014,32.610001,47
2014,11,11/19/2014,32.560001,47
2014,11,11/18/2014,32.639999,47
2014,11,11/17/2014,32.450001,47
2014,11,11/14/2014,32.5,46
2014,11,11/13/2014,32.459999,46
2014,11,11/12/2014,32.450001,46
2014,11,11/11/2014,32.5,46
2014,11,11/10/2014,32.439999,46
2014,11,11/7/2014,32.34,45
2014,11,11/6/2014,32.310001,45
2014,11,11/5/2014,32.279999,45
2014,11,11/4/2014,32.16,45
2014,11,11/3/2014,32.290001,45
2014,10,10/31/2014,32.360001,44
2014,10,10/30/2014,32,44
2014,10,10/29/2014,31.82,44
2014,10,10/28/2014,31.889999,44
2014,10,10/27/2014,31.51,44
2014,10,10/24/2014,31.58,43
2014,10,10/23/2014,31.43,43
2014,10,10/22/2014,31.120001,43
2014,10,10/21/2014,31.33,43
2014,10,10/20/2014,30.860001,43
2014,10,10/17/2014,30.620001,42
2014,10,10/16/2014,30.299999,42
2014,10,10/15/2014,30.299999,42
2014,10,10/14/2014,30.459999,42
2014,10,10/13/2014,30.389999,42
2014,10,10/10/2014,30.700001,41
2014,10,10/9/2014,31.08,41
2014,10,10/8/2014,31.68,41
2014,10,10/7/2014,31.25,41
2014,10,10/6/2014,31.639999,41
2014,10,10/3/2014,31.629999,40
2014,10,10/2/2014,31.4,40
2014,10,10/1/2014,31.450001,40
2014,9,9/30/2014,31.799999,40
2014,9,9/29/2014,31.92,40
2014,9,9/26/2014,32.049999,39
2014,9,9/25/2014,31.83,39
2014,9,9/24/2014,32.279999,39
2014,9,9/23/2014,32.080002,39
2014,9,9/22/2014,32.27,39
2014,9,9/19/2014,32.52,38
2014,9,9/18/2014,32.59,38
2014,9,9/17/2014,32.439999,38
2014,9,9/16/2014,32.459999,38
2014,9,9/15/2014,32.290001,38
2014,9,9/12/2014,32.349998,37
2014,9,9/11/2014,32.52,37
2014,9,9/10/2014,32.529999,37
2014,9,9/9/2014,32.450001,37
2014,9,9/8/2014,32.639999,37
2014,9,9/5/2014,32.77,36
2014,9,9/4/2014,32.66,36
2014,9,9/3/2014,32.75,36
2014,9,9/2/2014,32.700001,36
2014,8,8/29/2014,32.700001,35
2014,8,8/28/2014,32.619999,35
2014,8,8/27/2014,32.700001,35
2014,8,8/26/2014,32.66,35
2014,8,8/25/2014,32.599998,35
2014,8,8/22/2014,32.459999,34
2014,8,8/21/2014,32.52,34
2014,8,8/20/2014,32.43,34
2014,8,8/19/2014,32.419998,34
2014,8,8/18/2014,32.290001,34
2014,8,8/15/2014,32.060001,33
2014,8,8/14/2014,32.049999,33
2014,8,8/13/2014,31.93,33
2014,8,8/12/2014,31.73,33
2014,8,8/11/2014,31.780001,33
2014,8,8/8/2014,31.65,32
2014,8,8/7/2014,31.4,32
2014,8,8/6/2014,31.559999,32
2014,8,8/5/2014,31.58,32
2014,8,8/4/2014,31.85,32
2014,8,8/1/2014,31.66,31
2014,7,7/31/2014,31.75,31
2014,7,7/30/2014,32.299999,31
2014,7,7/29/2014,32.299999,31
2014,7,7/28/2014,32.400002,31
2014,7,7/25/2014,32.389999,30
2014,7,7/24/2014,32.529999,30
2014,7,7/23/2014,32.52,30
2014,7,7/22/2014,32.459999,30
2014,7,7/21/2014,32.290001,30
2014,7,7/18/2014,32.369999,29
2014,7,7/17/2014,32.09,29
2014,7,7/16/2014,32.41,29
2014,7,7/15/2014,32.279999,29
2014,7,7/14/2014,32.380001,29
2014,7,7/11/2014,32.23,28
2014,7,7/10/2014,32.200001,28
2014,7,7/9/2014,32.360001,28
2014,7,7/8/2014,32.259998,28
2014,7,7/7/2014,32.470001,28
2014,7,7/3/2014,32.639999,27
2014,7,7/2/2014,32.5,27
2014,7,7/1/2014,32.490002,27
2014,6,6/30/2014,32.290001,27
2014,6,6/27/2014,32.259998,26
2014,6,6/26/2014,32.200001,26
2014,6,6/25/2014,32.189999,26
2014,6,6/24/2014,32.080002,26
2014,6,6/23/2014,32.259998,26
2014,6,6/20/2014,32.290001,25
2014,6,6/19/2014,32.25,25
2014,6,6/18/2014,32.200001,25
2014,6,6/17/2014,31.98,25
2014,6,6/16/2014,31.92,25
2014,6,6/13/2014,31.92,24
2014,6,6/12/2014,31.85,24
2014,6,6/11/2014,31.969999,24
2014,6,6/10/2014,32.07,24
2014,6,6/9/2014,32.080002,24
2014,6,6/6/2014,32.049999,23
2014,6,6/5/2014,31.9,23
2014,6,6/4/2014,31.690001,23
2014,6,6/3/2014,31.639999,23
2014,6,6/2/2014,31.66,23
2014,5,5/30/2014,31.629999,22
2014,5,5/29/2014,31.629999,22
2014,5,5/28/2014,31.49,22
2014,5,5/27/2014,31.52,22
2014,5,5/23/2014,31.35,21
2014,5,5/22/2014,31.219999,21
2014,5,5/21/2014,31.139999,21
2014,5,5/20/2014,30.92,21
2014,5,5/19/2014,31.110001,21
2014,5,5/16/2014,31.030001,20
2014,5,5/15/2014,30.940001,20
2014,5,5/14/2014,31.15,20
2014,5,5/13/2014,31.24,20
2014,5,5/12/2014,31.23,20
2014,5,5/9/2014,30.969999,19
2014,5,5/8/2014,30.93,19
2014,5,5/7/2014,30.98,19
2014,5,5/6/2014,30.870001,19
2014,5,5/5/2014,31.059999,19
2014,5,5/2/2014,31.040001,18
2014,5,5/1/2014,31.040001,18
2014,4,4/30/2014,31.02,18
2014,4,4/29/2014,30.92,18
2014,4,4/28/2014,30.77,18
2014,4,4/25/2014,30.709999,17
2014,4,4/24/2014,30.959999,17
2014,4,4/23/2014,30.93,17
2014,4,4/22/2014,31.01,17
2014,4,4/21/2014,30.860001,17
2014,4,4/17/2014,30.780001,16
2014,4,4/16/2014,30.719999,16
2014,4,4/15/2014,30.43,16
2014,4,4/14/2014,30.360001,16
2014,4,4/11/2014,30.18,15
2014,4,4/10/2014,30.43,15
2014,4,4/9/2014,30.969999,15
2014,4,4/8/2014,30.65,15
2014,4,4/7/2014,30.530001,15
2014,4,4/4/2014,30.790001,14
2014,4,4/3/2014,31.07,14
2014,4,4/2/2014,31.139999,14
2014,4,4/1/2014,31.08,14
2014,3,3/31/2014,30.870001,14
2014,3,3/28/2014,30.629999,13
2014,3,3/27/2014,30.49,13
2014,3,3/26/2014,30.469999,13
2014,3,3/25/2014,30.620001,13
2014,3,3/24/2014,30.48,13
2014,3,3/21/2014,30.57,12
2014,3,3/20/2014,30.639999,12
2014,3,3/19/2014,30.559999,12
2014,3,3/18/2014,30.790001,12
2014,3,3/17/2014,30.58,12
2014,3,3/14/2014,30.32,11
2014,3,3/13/2014,30.379999,11
2014,3,3/12/2014,30.709999,11
2014,3,3/11/2014,30.719999,11
2014,3,3/10/2014,30.870001,11
2014,3,3/7/2014,30.93,10
2014,3,3/6/2014,30.98,10
2014,3,3/5/2014,30.889999,10
2014,3,3/4/2014,30.889999,10
2014,3,3/3/2014,30.450001,10
2014,2,2/28/2014,30.73,9
2014,2,2/27/2014,30.67,9
2014,2,2/26/2014,30.530001,9
2014,2,2/25/2014,30.540001,9
2014,2,2/24/2014,30.57,9
2014,2,2/21/2014,30.389999,8
2014,2,2/20/2014,30.389999,8
2014,2,2/19/2014,30.24,8
2014,2,2/18/2014,30.41,8
2014,2,2/14/2014,30.309999,7
2014,2,2/13/2014,30.18,7
2014,2,2/12/2014,30.030001,7
2014,2,2/11/2014,29.99,7
2014,2,2/10/2014,29.690001,7
2014,2,2/7/2014,29.68,6
2014,2,2/6/2014,29.34,6
2014,2,2/5/2014,28.98,6
2014,2,2/4/2014,29.02,6
2014,2,2/3/2014,28.85,6
2014,1,1/31/2014,29.42,5
2014,1,1/30/2014,29.610001,5
2014,1,1/29/2014,29.360001,5
2014,1,1/28/2014,29.610001,5
2014,1,1/27/2014,29.41,5
2014,1,1/24/2014,29.6,4
2014,1,1/23/2014,30.200001,4
2014,1,1/22/2014,30.41,4
2014,1,1/21/2014,30.379999,4
2014,1,1/17/2014,30.290001,3
2014,1,1/16/2014,30.389999,3
2014,1,1/15/2014,30.4,3
2014,1,1/14/2014,30.280001,3
2014,1,1/13/2014,30.02,3
2014,1,1/10/2014,30.299999,2
2014,1,1/9/2014,30.16,2
2014,1,1/8/2014,30.16,2
2014,1,1/7/2014,30.17,2
2014,1,1/6/2014,30.01,2
2014,1,1/3/2014,30.08,1
2014,1,1/2/2014,30.08,1
2013,12,12/31/2013,30.35,53
2013,12,12/30/2013,30.27,53
2013,12,12/27/2013,30.219999,52
2013,12,12/26/2013,30.15,52
2013,12,12/24/2013,30.549999,52
2013,12,12/23/2013,30.49,52
2013,12,12/20/2013,30.32,51
2013,12,12/19/2013,30.15,51
2013,12,12/18/2013,30.18,51
2013,12,12/17/2013,29.799999,51
2013,12,12/16/2013,29.870001,51
2013,12,12/13/2013,29.700001,50
2013,12,12/12/2013,29.690001,50
2013,12,12/11/2013,29.790001,50
2013,12,12/10/2013,30.1,50
2013,12,12/9/2013,30.18,50
2013,12,12/6/2013,30.129999,49
2013,12,12/5/2013,29.85,49
2013,12,12/4/2013,29.940001,49
2013,12,12/3/2013,30.01,49
2013,12,12/2/2013,30.139999,49
2013,11,11/29/2013,30.25,48
2013,11,11/27/2013,30.23,48
2013,11,11/26/2013,30.16,48
2013,11,11/25/2013,30.139999,48
2013,11,11/22/2013,30.190001,47
2013,11,11/21/2013,30.059999,47
2013,11,11/20/2013,29.870001,47
2013,11,11/19/2013,30,47
2013,11,11/18/2013,30.07,47
2013,11,11/15/2013,30.129999,46
2013,11,11/14/2013,29.98,46
2013,11,11/13/2013,29.84,46
2013,11,11/12/2013,29.66,46
2013,11,11/11/2013,29.719999,46
2013,11,11/8/2013,29.709999,45
2013,11,11/7/2013,29.450001,45
2013,11,11/6/2013,29.809999,45
2013,11,11/5/2013,29.700001,45
2013,11,11/4/2013,29.82,45
2013,11,11/1/2013,29.709999,44
2013,10,10/31/2013,29.709999,44
2013,10,10/30/2013,29.82,44
2013,10,10/29/2013,29.950001,44
2013,10,10/28/2013,29.84,44
2013,10,10/25/2013,29.83,43
2013,10,10/24/2013,29.780001,43
2013,10,10/23/2013,29.68,43
2013,10,10/22/2013,29.85,43
2013,10,10/21/2013,29.67,43
2013,10,10/18/2013,29.66,42
2013,10,10/17/2013,29.49,42
2013,10,10/16/2013,29.26,42
2013,10,10/15/2013,28.940001,42
2013,10,10/14/2013,29.1,42
2013,10,10/11/2013,29.01,41
2013,10,10/10/2013,28.83,41
2013,10,10/9/2013,28.32,41
2013,10,10/8/2013,28.299999,41
2013,10,10/7/2013,28.59,41
2013,10,10/4/2013,28.809999,40
2013,10,10/3/2013,28.67,40
2013,10,10/2/2013,28.860001,40
2013,10,10/1/2013,28.879999,40
2013,9,9/30/2013,28.67,40
2013,9,9/27/2013,28.809999,39
2013,9,9/26/2013,28.9,39
2013,9,9/25/2013,28.809999,39
2013,9,9/24/2013,28.84,39
2013,9,9/23/2013,28.870001,39
2013,9,9/20/2013,28.950001,38
2013,9,9/19/2013,29.139999,38
2013,9,9/18/2013,29.190001,38
2013,9,9/17/2013,28.780001,38
2013,9,9/16/2013,28.67,38
2013,9,9/13/2013,28.51,37
2013,9,9/12/2013,28.440001,37
2013,9,9/11/2013,28.549999,37
2013,9,9/10/2013,28.450001,37
2013,9,9/9/2013,28.24,37
2013,9,9/6/2013,27.940001,36
2013,9,9/5/2013,27.870001,36
2013,9,9/4/2013,27.84,36
2013,9,9/3/2013,27.65,36
2013,8,8/30/2013,27.48,35
2013,8,8/29/2013,27.6,35
2013,8,8/28/2013,27.530001,35
2013,8,8/27/2013,27.51,35
2013,8,8/26/2013,27.91,35
2013,8,8/23/2013,28,34
2013,8,8/22/2013,27.870001,34
2013,8,8/21/2013,27.639999,34
2013,8,8/20/2013,27.84,34
2013,8,8/19/2013,27.76,34
2013,8,8/16/2013,27.940001,33
2013,8,8/15/2013,28,33
2013,8,8/14/2013,28.309999,33
2013,8,8/13/2013,28.4,33
2013,8,8/12/2013,28.33,33
2013,8,8/9/2013,28.34,32
2013,8,8/8/2013,28.370001,32
2013,8,8/7/2013,28.219999,32
2013,8,8/6/2013,28.34,32
2013,8,8/5/2013,28.49,32
2013,8,8/2/2013,28.5,31
2013,8,8/1/2013,28.41,31
2013,7,7/31/2013,28.120001,31
2013,7,7/30/2013,28.1,31
2013,7,7/29/2013,28.09,31
2013,7,7/26/2013,28.219999,30
2013,7,7/25/2013,28.26,30
2013,7,7/24/2013,28.17,30
2013,7,7/23/2013,28.290001,30
2013,7,7/22/2013,28.280001,30
2013,7,7/19/2013,28.200001,29
2013,7,7/18/2013,28.18,29
2013,7,7/17/2013,28.049999,29
2013,7,7/16/2013,27.959999,29
2013,7,7/15/2013,28.030001,29
2013,7,7/12/2013,27.950001,28
2013,7,7/11/2013,27.92,28
2013,7,7/10/2013,27.48,28
2013,7,7/9/2013,27.450001,28
2013,7,7/8/2013,27.27,28
2013,7,7/5/2013,27.15,27
2013,7,7/3/2013,26.969999,27
2013,7,7/2/2013,26.99,27
2013,7,7/1/2013,27.040001,27
2013,6,6/28/2013,26.85,26
2013,6,6/27/2013,26.91,26
2013,6,6/26/2013,26.67,26
2013,6,6/25/2013,26.450001,26
2013,6,6/24/2013,26.23,26
2013,6,6/21/2013,26.57,25
2013,6,6/20/2013,26.540001,25
2013,6,6/19/2013,27.219999,25
2013,6,6/18/2013,27.610001,25
2013,6,6/17/2013,27.450001,25
2013,6,6/14/2013,27.24,24
2013,6,6/13/2013,27.389999,24
2013,6,6/12/2013,27.030001,24
2013,6,6/11/2013,27.209999,24
2013,6,6/10/2013,27.48,24
2013,6,6/7/2013,27.48,23
2013,6,6/6/2013,27.24,23
2013,6,6/5/2013,27.049999,23
2013,6,6/4/2013,27.42,23
2013,6,6/3/2013,27.51,23
2013,5,5/31/2013,27.389999,22
2013,5,5/30/2013,27.77,22
2013,5,5/29/2013,27.67,22
2013,5,5/28/2013,27.84,22
2013,5,5/24/2013,27.73,21
2013,5,5/23/2013,27.790001,21
2013,5,5/22/2013,27.93,21
2013,5,5/21/2013,28.18,21
2013,5,5/20/2013,28.129999,21
2013,5,5/17/2013,28.1,20
2013,5,5/16/2013,27.889999,20
2013,5,5/15/2013,28.02,20
2013,5,5/14/2013,27.91,20
2013,5,5/13/2013,27.709999,20
2013,5,5/10/2013,27.73,19
2013,5,5/9/2013,27.639999,19
2013,5,5/8/2013,27.780001,19
2013,5,5/7/2013,27.620001,19
2013,5,5/6/2013,27.5,19
2013,5,5/3/2013,27.459999,18
2013,5,5/2/2013,27.219999,18
2013,5,5/1/2013,27.040001,18
2013,4,4/30/2013,27.26,18
2013,4,4/29/2013,27.15,18
2013,4,4/26/2013,26.959999,17
2013,4,4/25/2013,27,17
2013,4,4/24/2013,26.879999,17
2013,4,4/23/2013,26.799999,17
2013,4,4/22/2013,26.549999,17
2013,4,4/19/2013,26.450001,16
2013,4,4/18/2013,26.23,16
2013,4,4/17/2013,26.35,16
2013,4,4/16/2013,26.73,16
2013,4,4/15/2013,26.379999,16
2013,4,4/12/2013,26.959999,15
2013,4,4/11/2013,27.040001,15
2013,4,4/10/2013,26.940001,15
2013,4,4/9/2013,26.639999,15
2013,4,4/8/2013,26.549999,15
2013,4,4/5/2013,26.41,14
2013,4,4/4/2013,26.52,14
2013,4,4/3/2013,26.4,14
2013,4,4/2/2013,26.65,14
2013,4,4/1/2013,26.549999,14
2013,3,3/28/2013,26.700001,13
2013,3,3/27/2013,26.6,13
2013,3,3/26/2013,26.620001,13
2013,3,3/25/2013,26.450001,13
2013,3,3/22/2013,26.549999,12
2013,3,3/21/2013,26.41,12
2013,3,3/20/2013,26.59,12
2013,3,3/19/2013,26.440001,12
2013,3,3/18/2013,26.5,12
2013,3,3/15/2013,26.67,11
2013,3,3/14/2013,26.68,11
2013,3,3/13/2013,26.52,11
2013,3,3/12/2013,26.52,11
2013,3,3/11/2013,26.58,11
2013,3,3/8/2013,26.51,10
2013,3,3/7/2013,26.42,10
2013,3,3/6/2013,26.370001,10
2013,3,3/5/2013,26.34,10
2013,3,3/4/2013,26.1,10
2013,3,3/1/2013,26.040001,9
2013,2,2/28/2013,26,9
2013,2,2/27/2013,26.02,9
2013,2,2/26/2013,25.73,9
2013,2,2/25/2013,25.610001,9
2013,2,2/22/2013,26.01,8
2013,2,2/21/2013,25.780001,8
2013,2,2/20/2013,25.98,8
2013,2,2/19/2013,26.27,8
2013,2,2/15/2013,26.09,7
2013,2,2/14/2013,26.120001,7
2013,2,2/13/2013,26.129999,7
2013,2,2/12/2013,26.09,7
2013,2,2/11/2013,26.030001,7
2013,2,2/8/2013,26.059999,6
2013,2,2/7/2013,25.92,6
2013,2,2/6/2013,26,6
2013,2,2/5/2013,25.99,6
2013,2,2/4/2013,25.790001,6
2013,2,2/1/2013,26.07,5
2013,1,1/31/2013,25.860001,5
2013,1,1/30/2013,25.889999,5
2013,1,1/29/2013,25.959999,5
2013,1,1/28/2013,25.84,5
2013,1,1/25/2013,25.91,4
2013,1,1/24/2013,25.780001,4
2013,1,1/23/2013,25.76,4
2013,1,1/22/2013,25.76,4
2013,1,1/18/2013,25.67,3
2013,1,1/17/2013,25.620001,3
2013,1,1/16/2013,25.469999,3
2013,1,1/15/2013,25.5,3
2013,1,1/14/2013,25.48,3
2013,1,1/11/2013,25.48,2
2013,1,1/10/2013,25.49,2
2013,1,1/9/2013,25.299999,2
2013,1,1/8/2013,25.219999,2
2013,1,1/7/2013,25.299999,2
2013,1,1/4/2013,25.370001,1
2013,1,1/3/2013,25.25,1
2013,1,1/2/2013,25.33,1
2012,12,12/31/2012,24.799999,53
2012,12,12/28/2012,24.48,52
2012,12,12/27/2012,25.139999,52
2012,12,12/26/2012,25.129999,52
2012,12,12/24/2012,25.200001,52
2012,12,12/21/2012,25.25,51
2012,12,12/20/2012,25.450001,51
2012,12,12/19/2012,25.309999,51
2012,12,12/18/2012,25.389999,51
2012,12,12/17/2012,25.16,51
2012,12,12/14/2012,24.950001,50
2012,12,12/13/2012,24.98,50
2012,12,12/12/2012,25.1,50
2012,12,12/11/2012,25.07,50
2012,12,12/10/2012,24.93,50
2012,12,12/7/2012,24.91,49
2012,12,12/6/2012,24.860001,49
2012,12,12/5/2012,24.799999,49
2012,12,12/4/2012,24.74,49
2012,12,12/3/2012,24.73,49
2012,11,11/30/2012,24.809999,48
2012,11,11/29/2012,24.799999,48
2012,11,11/28/2012,24.66,48
2012,11,11/27/2012,24.49,48
2012,11,11/26/2012,24.59,48
2012,11,11/23/2012,24.639999,47
2012,11,11/21/2012,24.309999,47
2012,11,11/20/2012,24.26,47
2012,11,11/19/2012,24.25,47
2012,11,11/16/2012,23.84,46
2012,11,11/15/2012,23.75,46
2012,11,11/14/2012,23.77,46
2012,11,11/13/2012,24.059999,46
2012,11,11/12/2012,24.15,46
2012,11,11/9/2012,24.15,45
2012,11,11/8/2012,24.129999,45
2012,11,11/7/2012,24.360001,45
2012,11,11/6/2012,24.82,45
2012,11,11/5/2012,24.65,45
2012,11,11/2/2012,24.59,44
2012,11,11/1/2012,24.809999,44
2012,10,10/31/2012,24.57,44
2012,10,10/26/2012,24.530001,43
2012,10,10/25/2012,24.559999,43
2012,10,10/24/2012,24.49,43
2012,10,10/23/2012,24.530001,43
2012,10,10/22/2012,24.85,43
2012,10,10/19/2012,24.809999,42
2012,10,10/18/2012,25.15,42
2012,10,10/17/2012,25.209999,42
2012,10,10/16/2012,25.08,42
2012,10,10/15/2012,24.84,42
2012,10,10/12/2012,24.67,41
2012,10,10/11/2012,24.73,41
2012,10,10/10/2012,24.67,41
2012,10,10/9/2012,24.790001,41
2012,10,10/8/2012,25.01,41
2012,10,10/5/2012,25.120001,40
2012,10,10/4/2012,25.120001,40
2012,10,10/3/2012,24.950001,40
2012,10,10/2/2012,24.91,40
2012,10,10/1/2012,24.879999,40
2012,9,9/28/2012,24.809999,39
2012,9,9/27/2012,24.950001,39
2012,9,9/26/2012,24.719999,39
2012,9,9/25/2012,24.860001,39
2012,9,9/24/2012,25.08,39
2012,9,9/21/2012,25.139999,38
2012,9,9/20/2012,25.120001,38
2012,9,9/19/2012,25.18,38
2012,9,9/18/2012,25.139999,38
2012,9,9/17/2012,25.190001,38
2012,9,9/14/2012,25.290001,37
2012,9,9/13/2012,25.129999,37
2012,9,9/12/2012,24.780001,37
2012,9,9/11/2012,24.709999,37
2012,9,9/10/2012,24.6,37
2012,9,9/7/2012,24.719999,36
2012,9,9/6/2012,24.559999,36
2012,9,9/5/2012,24.110001,36
2012,9,9/4/2012,24.139999,36
2012,8,8/31/2012,24.17,35
2012,8,8/30/2012,24.030001,35
2012,8,8/29/2012,24.23,35
2012,8,8/28/2012,24.219999,35
2012,8,8/27/2012,24.23,35
2012,8,8/24/2012,24.25,34
2012,8,8/23/2012,24.15,34
2012,8,8/22/2012,24.32,34
2012,8,8/21/2012,24.299999,34
2012,8,8/20/2012,24.309999,34
2012,8,8/17/2012,24.33,33
2012,8,8/16/2012,24.280001,33
2012,8,8/15/2012,24.110001,33
2012,8,8/14/2012,24.08,33
2012,8,8/13/2012,24.09,33
2012,8,8/10/2012,24.129999,32
2012,8,8/9/2012,24.1,32
2012,8,8/8/2012,24.059999,32
2012,8,8/7/2012,24.040001,32
2012,8,8/6/2012,23.91,32
2012,8,8/3/2012,23.83,31
2012,8,8/2/2012,23.379999,31
2012,8,8/1/2012,23.549999,31
2012,7,7/31/2012,23.629999,31
2012,7,7/30/2012,23.719999,31
2012,7,7/27/2012,23.719999,30
2012,7,7/26/2012,23.32,30
2012,7,7/25/2012,22.940001,30
2012,7,7/24/2012,22.9,30
2012,7,7/23/2012,23.1,30
2012,7,7/20/2012,23.370001,29
2012,7,7/19/2012,23.629999,29
2012,7,7/18/2012,23.530001,29
2012,7,7/17/2012,23.41,29
2012,7,7/16/2012,23.280001,29
2012,7,7/13/2012,23.32,28
2012,7,7/12/2012,23,28
2012,7,7/11/2012,23.139999,28
2012,7,7/10/2012,23.129999,28
2012,7,7/9/2012,23.290001,28
2012,7,7/6/2012,23.34,27
2012,7,7/5/2012,23.559999,27
2012,7,7/3/2012,23.68,27
2012,7,7/2/2012,23.5,27
2012,6,6/29/2012,23.41,26
2012,6,6/28/2012,22.82,26
2012,6,6/27/2012,22.860001,26
2012,6,6/26/2012,22.67,26
2012,6,6/25/2012,22.57,26
2012,6,6/22/2012,22.91,25
2012,6,6/21/2012,22.790001,25
2012,6,6/20/2012,23.280001,25
2012,6,6/19/2012,23.280001,25
2012,6,6/18/2012,23.02,25
2012,6,6/15/2012,22.99,24
2012,6,6/14/2012,22.75,24
2012,6,6/13/2012,22.559999,24
2012,6,6/12/2012,22.700001,24
2012,6,6/11/2012,22.450001,24
2012,6,6/8/2012,22.709999,23
2012,6,6/7/2012,22.610001,23
2012,6,6/6/2012,22.620001,23
2012,6,6/5/2012,22.139999,23
2012,6,6/4/2012,22.01,23
2012,6,6/1/2012,22.01,22
2012,5,5/31/2012,22.5,22
2012,5,5/30/2012,22.5,22
2012,5,5/29/2012,22.84,22
2012,5,5/25/2012,22.59,21
2012,5,5/24/2012,22.629999,21
2012,5,5/23/2012,22.620001,21
2012,5,5/22/2012,22.65,21
2012,5,5/21/2012,22.67,21
2012,5,5/18/2012,22.32,20
2012,5,5/17/2012,22.49,20
2012,5,5/16/2012,22.790001,20
2012,5,5/15/2012,22.92,20
2012,5,5/14/2012,23.08,20
2012,5,5/11/2012,23.360001,19
2012,5,5/10/2012,23.440001,19
2012,5,5/9/2012,23.370001,19
2012,5,5/8/2012,23.540001,19
2012,5,5/7/2012,23.690001,19
2012,5,5/4/2012,23.65,18
2012,5,5/3/2012,23.99,18
2012,5,5/2/2012,24.18,18
2012,5,5/1/2012,24.23,18
2012,4,4/30/2012,24.15,18
2012,4,4/27/2012,24.23,17
2012,4,4/26/2012,24.16,17
2012,4,4/25/2012,24.030001,17
2012,4,4/24/2012,23.74,17
2012,4,4/23/2012,23.65,17
2012,4,4/20/2012,23.889999,16
2012,4,4/19/2012,23.82,16
2012,4,4/18/2012,23.92,16
2012,4,4/17/2012,24.02,16
2012,4,4/16/2012,23.709999,16
2012,4,4/13/2012,23.68,15
2012,4,4/12/2012,23.98,15
2012,4,4/11/2012,23.65,15
2012,4,4/10/2012,23.459999,15
2012,4,4/9/2012,23.85,15
2012,4,4/5/2012,24.059999,14
2012,4,4/4/2012,24.07,14
2012,4,4/3/2012,24.379999,14
2012,4,4/2/2012,24.52,14
2012,3,3/30/2012,24.33,13
2012,3,3/29/2012,24.25,13
2012,3,3/28/2012,24.309999,13
2012,3,3/27/2012,24.43,13
2012,3,3/26/2012,24.51,13
2012,3,3/23/2012,24.209999,12
2012,3,3/22/2012,24.1,12
2012,3,3/21/2012,24.27,12
2012,3,3/20/2012,24.309999,12
2012,3,3/19/2012,24.450001,12
2012,3,3/16/2012,24.370001,11
2012,3,3/15/2012,24.33,11
2012,3,3/14/2012,24.18,11
2012,3,3/13/2012,24.280001,11
2012,3,3/12/2012,23.91,11
2012,3,3/9/2012,23.940001,10
2012,3,3/8/2012,23.889999,10
2012,3,3/7/2012,23.610001,10
2012,3,3/6/2012,23.440001,10
2012,3,3/5/2012,23.870001,10
2012,3,3/2/2012,23.969999,9
2012,3,3/1/2012,24.08,9
2012,2,2/29/2012,23.93,9
2012,2,2/28/2012,24.059999,9
2012,2,2/27/2012,23.959999,9
2012,2,2/24/2012,23.98,8
2012,2,2/23/2012,23.92,8
2012,2,2/22/2012,23.799999,8
2012,2,2/21/2012,23.860001,8
2012,2,2/17/2012,23.85,7
2012,2,2/16/2012,23.809999,7
2012,2,2/15/2012,23.57,7
2012,2,2/14/2012,23.620001,7
2012,2,2/13/2012,23.68,7
2012,2,2/10/2012,23.5,6
2012,2,2/9/2012,23.719999,6
2012,2,2/8/2012,23.690001,6
2012,2,2/7/2012,23.629999,6
2012,2,2/6/2012,23.58,6
2012,2,2/3/2012,23.620001,5
2012,2,2/2/2012,23.309999,5
2012,2,2/1/2012,23.25,5
2012,1,1/31/2012,23,5
2012,1,1/30/2012,22.969999,5
2012,1,1/27/2012,23.08,4
2012,1,1/26/2012,23.059999,4
2012,1,1/25/2012,23.120001,4
2012,1,1/24/2012,22.91,4
2012,1,1/23/2012,22.940001,4
2012,1,1/20/2012,22.889999,3
2012,1,1/19/2012,22.870001,3
2012,1,1/18/2012,22.74,3
2012,1,1/17/2012,22.469999,3
2012,1,1/13/2012,22.34,2
2012,1,1/12/2012,22.459999,2
2012,1,1/11/2012,22.389999,2
2012,1,1/10/2012,22.389999,2
2012,1,1/9/2012,22.16,2
2012,1,1/6/2012,22.110001,1
2012,1,1/5/2012,22.18,1
2012,1,1/4/2012,22.200001,1
2012,1,1/3/2012,22.23,1
