y,Date,Close
2016,12/30/2016,39.060001
2016,12/29/2016,39.110001
2016,12/28/2016,39.099998
2016,12/27/2016,39.259998
2016,12/23/2016,39.240002
2016,12/22/2016,40.209999
2016,12/21/2016,40.23
2016,12/20/2016,40.310001
2016,12/19/2016,40.23
2016,12/16/2016,40.139999
2016,12/15/2016,40.189999
2016,12/14/2016,40.009998
2016,12/13/2016,40.32
2016,12/12/2016,40.099998
2016,12/9/2016,40.130001
2016,12/8/2016,39.98
2016,12/7/2016,39.950001
2016,12/6/2016,39.540001
2016,12/5/2016,39.450001
2016,12/2/2016,39.290001
2016,12/1/2016,39.27
2016,11/30/2016,39.23
2016,11/29/2016,39.18
2016,11/28/2016,39.119999
2016,11/25/2016,39.25
2016,11/23/2016,39.150002
2016,11/22/2016,39.16
2016,11/21/2016,39.139999
2016,11/18/2016,38.950001
2016,11/17/2016,39.040001
2016,11/16/2016,38.970001
2016,11/15/2016,39.080002
2016,11/14/2016,38.93
2016,11/11/2016,38.880001
2016,11/10/2016,38.959999
2016,11/9/2016,38.810001
2016,11/8/2016,38.529999
2016,11/7/2016,38.48
2016,11/4/2016,37.98
2016,11/3/2016,38.029999
2016,11/2/2016,38.130001
2016,11/1/2016,38.240002
2016,10/31/2016,38.380001
2016,10/28/2016,38.369999
2016,10/27/2016,38.48
2016,10/26/2016,38.540001
2016,10/25/2016,38.59
2016,10/24/2016,38.630001
2016,10/21/2016,38.57
2016,10/20/2016,38.580002
2016,10/19/2016,38.630001
2016,10/18/2016,38.610001
2016,10/17/2016,38.419998
2016,10/14/2016,38.470001
2016,10/13/2016,38.470001
2016,10/12/2016,38.509998
2016,10/11/2016,38.490002
2016,10/10/2016,38.799999
2016,10/7/2016,38.73
2016,10/6/2016,38.759998
2016,10/5/2016,38.790001
2016,10/4/2016,38.639999
2016,10/3/2016,38.75
2016,9/30/2016,38.830002
2016,9/29/2016,38.66
2016,9/28/2016,38.889999
2016,9/27/2016,38.720001
2016,9/26/2016,38.560001
2016,9/23/2016,38.810001
2016,9/22/2016,38.939999
2016,9/21/2016,38.759998
2016,9/20/2016,38.43
2016,9/19/2016,38.380001
2016,9/16/2016,38.369999
2016,9/15/2016,38.700001
2016,9/14/2016,38.450001
2016,9/13/2016,38.5
2016,9/12/2016,38.950001
2016,9/9/2016,38.639999
2016,9/8/2016,39.259998
2016,9/7/2016,39.330002
2016,9/6/2016,39.349998
2016,9/2/2016,39.259998
2016,9/1/2016,39.119999
2016,8/31/2016,39.130001
2016,8/30/2016,39.189999
2016,8/29/2016,39.209999
2016,8/26/2016,39.009998
2016,8/25/2016,39.060001
2016,8/24/2016,39.119999
2016,8/23/2016,39.220001
2016,8/22/2016,39.18
2016,8/19/2016,39.169998
2016,8/18/2016,39.259998
2016,8/17/2016,39.200001
2016,8/16/2016,39.110001
2016,8/15/2016,39.200001
2016,8/12/2016,39.169998
2016,8/11/2016,39.18
2016,8/10/2016,39.080002
2016,8/9/2016,39.139999
2016,8/8/2016,39.07
2016,8/5/2016,39.07
2016,8/4/2016,38.889999
2016,8/3/2016,38.860001
2016,8/2/2016,38.759998
2016,8/1/2016,38.919998
2016,7/29/2016,39.049999
2016,7/28/2016,38.939999
2016,7/27/2016,38.959999
2016,7/26/2016,38.939999
2016,7/25/2016,38.880001
2016,7/22/2016,38.990002
2016,7/21/2016,38.880001
2016,7/20/2016,38.959999
2016,7/19/2016,38.869999
2016,7/18/2016,38.91
2016,7/15/2016,38.869999
2016,7/14/2016,38.959999
2016,7/13/2016,38.860001
2016,7/12/2016,38.799999
2016,7/11/2016,38.639999
2016,7/8/2016,38.549999
2016,7/7/2016,38.139999
2016,7/6/2016,38.189999
2016,7/5/2016,38.07
2016,7/1/2016,38.23
2016,6/30/2016,38.139999
2016,6/29/2016,37.740002
2016,6/28/2016,37.330002
2016,6/27/2016,36.889999
2016,6/24/2016,37.200001
2016,6/23/2016,38.220001
2016,6/22/2016,37.860001
2016,6/21/2016,37.880001
2016,6/20/2016,37.790001
2016,6/17/2016,37.639999
2016,6/16/2016,37.689999
2016,6/15/2016,37.830002
2016,6/14/2016,37.860001
2016,6/13/2016,38.02
2016,6/10/2016,38.189999
2016,6/9/2016,38.43
2016,6/8/2016,38.529999
2016,6/7/2016,38.43
2016,6/6/2016,38.330002
2016,6/3/2016,38.23
2016,6/2/2016,38.23
2016,6/1/2016,38.130001
2016,5/31/2016,38.099998
2016,5/27/2016,38.130001
2016,5/26/2016,38.040001
2016,5/25/2016,38.029999
2016,5/24/2016,37.799999
2016,5/23/2016,37.5
2016,5/20/2016,37.560001
2016,5/19/2016,37.41
2016,5/18/2016,37.540001
2016,5/17/2016,37.509998
2016,5/16/2016,37.75
2016,5/13/2016,37.560001
2016,5/12/2016,37.75
2016,5/11/2016,37.75
2016,5/10/2016,37.900002
2016,5/9/2016,37.580002
2016,5/6/2016,37.59
2016,5/5/2016,37.580002
2016,5/4/2016,37.549999
2016,5/3/2016,37.740002
2016,5/2/2016,37.939999
2016,4/29/2016,37.799999
2016,4/28/2016,37.93
2016,4/27/2016,38.139999
2016,4/26/2016,38.009998
2016,4/25/2016,37.959999
2016,4/22/2016,38.040001
2016,4/21/2016,37.990002
2016,4/20/2016,38.139999
2016,4/19/2016,38.150002
2016,4/18/2016,37.959999
2016,4/15/2016,37.790001
2016,4/14/2016,37.790001
2016,4/13/2016,37.77
2016,4/12/2016,37.450001
2016,4/11/2016,37.189999
2016,4/8/2016,37.240002
2016,4/7/2016,37.119999
2016,4/6/2016,37.389999
2016,4/5/2016,37.119999
2016,4/4/2016,37.349998
2016,4/1/2016,37.380001
2016,3/31/2016,37.259998
2016,3/30/2016,37.299999
2016,3/29/2016,37.200001
2016,3/28/2016,36.939999
2016,3/24/2016,36.950001
2016,3/23/2016,36.970001
2016,3/22/2016,37.09
2016,3/21/2016,37.139999
2016,3/18/2016,37.16
2016,3/17/2016,37.009998
2016,3/16/2016,36.799999
2016,3/15/2016,36.889999
2016,3/14/2016,36.939999
2016,3/11/2016,36.959999
2016,3/10/2016,36.549999
2016,3/9/2016,36.580002
2016,3/8/2016,36.450001
2016,3/7/2016,36.639999
2016,3/4/2016,36.580002
2016,3/3/2016,36.490002
2016,3/2/2016,36.349998
2016,3/1/2016,36.189999
2016,2/29/2016,35.68
2016,2/26/2016,35.860001
2016,2/25/2016,35.970001
2016,2/24/2016,35.689999
2016,2/23/2016,35.619999
2016,2/22/2016,35.970001
2016,2/19/2016,35.66
2016,2/18/2016,35.68
2016,2/17/2016,35.740002
2016,2/16/2016,35.41
2016,2/12/2016,35.07
2016,2/11/2016,34.650002
2016,2/10/2016,34.970001
2016,2/9/2016,34.959999
2016,2/8/2016,35.02
2016,2/5/2016,35.200001
2016,2/4/2016,35.459999
2016,2/3/2016,35.41
2016,2/2/2016,35.279999
2016,2/1/2016,35.68
2016,1/29/2016,35.77
2016,1/28/2016,35.139999
2016,1/27/2016,35.049999
2016,1/26/2016,35.18
2016,1/25/2016,34.84
2016,1/22/2016,35.220001
2016,1/21/2016,34.790001
2016,1/20/2016,34.709999
2016,1/19/2016,35.02
2016,1/15/2016,34.990002
2016,1/14/2016,35.509998
2016,1/13/2016,35.169998
2016,1/12/2016,35.619999
2016,1/11/2016,35.389999
2016,1/8/2016,35.419998
2016,1/7/2016,35.66
2016,1/6/2016,36.209999
2016,1/5/2016,36.540001
2016,1/4/2016,36.470001
2015,12/31/2015,36.790001
2015,12/30/2015,37.009998
2015,12/29/2015,37.18
2015,12/28/2015,36.990002
2015,12/24/2015,37.049999
2015,12/23/2015,38.759998
2015,12/22/2015,38.43
2015,12/21/2015,38.209999
2015,12/18/2015,38.049999
2015,12/17/2015,38.459999
2015,12/16/2015,38.82
2015,12/15/2015,38.41
2015,12/14/2015,38.119999
2015,12/11/2015,38.119999
2015,12/10/2015,38.540001
2015,12/9/2015,38.490002
2015,12/8/2015,38.68
2015,12/7/2015,38.93
2015,12/4/2015,39.080002
2015,12/3/2015,38.57
2015,12/2/2015,39.009998
2015,12/1/2015,39.330002
2015,11/30/2015,38.990002
2015,11/27/2015,39.080002
2015,11/25/2015,39.040001
2015,11/24/2015,39.049999
2015,11/23/2015,39.040001
2015,11/20/2015,39.110001
2015,11/19/2015,39.09
2015,11/18/2015,39.07
2015,11/17/2015,38.689999
2015,11/16/2015,38.709999
2015,11/13/2015,38.290001
2015,11/12/2015,38.470001
2015,11/11/2015,38.799999
2015,11/10/2015,38.900002
2015,11/9/2015,38.849998
2015,11/6/2015,39.099998
2015,11/5/2015,39.18
2015,11/4/2015,39.189999
2015,11/3/2015,39.310001
2015,11/2/2015,39.240002
2015,10/30/2015,38.970001
2015,10/29/2015,39.119999
2015,10/28/2015,39.240002
2015,10/27/2015,38.959999
2015,10/26/2015,39.060001
2015,10/23/2015,39.119999
2015,10/22/2015,38.869999
2015,10/21/2015,38.380001
2015,10/20/2015,38.450001
2015,10/19/2015,38.470001
2015,10/16/2015,38.509998
2015,10/15/2015,38.389999
2015,10/14/2015,38.040001
2015,10/13/2015,38.099998
2015,10/12/2015,38.259998
2015,10/9/2015,38.240002
2015,10/8/2015,38.23
2015,10/7/2015,38
2015,10/6/2015,37.779999
2015,10/5/2015,37.82
2015,10/2/2015,37.380001
2015,10/1/2015,37
2015,9/30/2015,36.959999
2015,9/29/2015,36.560001
2015,9/28/2015,36.459999
2015,9/25/2015,36.93
2015,9/24/2015,36.93
2015,9/23/2015,37
2015,9/22/2015,37.07
2015,9/21/2015,37.34
2015,9/18/2015,37.310001
2015,9/17/2015,37.970001
2015,9/16/2015,37.970001
2015,9/15/2015,37.759998
2015,9/14/2015,37.5
2015,9/11/2015,37.580002
2015,9/10/2015,37.48
2015,9/9/2015,37.360001
2015,9/8/2015,37.669998
2015,9/4/2015,37.110001
2015,9/3/2015,37.48
2015,9/2/2015,37.400002
2015,9/1/2015,37.029999
2015,8/31/2015,37.709999
2015,8/28/2015,37.93
2015,8/27/2015,37.900002
2015,8/26/2015,37.32
2015,8/25/2015,36.580002
2015,8/24/2015,37.009998
2015,8/21/2015,37.959999
2015,8/20/2015,38.700001
2015,8/19/2015,39.169998
2015,8/18/2015,39.360001
2015,8/17/2015,39.43
2015,8/14/2015,39.32
2015,8/13/2015,39.23
2015,8/12/2015,39.279999
2015,8/11/2015,39.290001
2015,8/10/2015,39.48
2015,8/7/2015,39.209999
2015,8/6/2015,39.259998
2015,8/5/2015,39.400002
2015,8/4/2015,39.369999
2015,8/3/2015,39.490002
2015,7/31/2015,39.490002
2015,7/30/2015,39.5
2015,7/29/2015,39.450001
2015,7/28/2015,39.240002
2015,7/27/2015,38.950001
2015,7/24/2015,39.09
2015,7/23/2015,39.360001
2015,7/22/2015,39.459999
2015,7/21/2015,39.509998
2015,7/20/2015,39.599998
2015,7/17/2015,39.619999
2015,7/16/2015,39.610001
2015,7/15/2015,39.389999
2015,7/14/2015,39.349998
2015,7/13/2015,39.209999
2015,7/10/2015,38.98
2015,7/9/2015,38.689999
2015,7/8/2015,38.68
2015,7/7/2015,39.049999
2015,7/6/2015,38.900002
2015,7/2/2015,38.959999
2015,7/1/2015,38.939999
2015,6/30/2015,38.799999
2015,6/29/2015,38.82
2015,6/26/2015,39.259998
2015,6/25/2015,39.27
2015,6/24/2015,39.369999
2015,6/23/2015,39.560001
2015,6/22/2015,39.560001
2015,6/19/2015,39.470001
2015,6/18/2015,39.830002
2015,6/17/2015,39.619999
2015,6/16/2015,39.610001
2015,6/15/2015,39.439999
2015,6/12/2015,39.549999
2015,6/11/2015,39.77
2015,6/10/2015,39.610001
2015,6/9/2015,39.310001
2015,6/8/2015,39.299999
2015,6/5/2015,39.450001
2015,6/4/2015,39.540001
2015,6/3/2015,39.720001
2015,6/2/2015,39.689999
2015,6/1/2015,39.779999
2015,5/29/2015,39.810001
2015,5/28/2015,39.970001
2015,5/27/2015,39.970001
2015,5/26/2015,39.73
2015,5/22/2015,39.950001
2015,5/21/2015,40.07
2015,5/20/2015,39.950001
2015,5/19/2015,39.959999
2015,5/18/2015,40.009998
2015,5/15/2015,40.02
2015,5/14/2015,39.93
2015,5/13/2015,39.650002
2015,5/12/2015,39.650002
2015,5/11/2015,39.740002
2015,5/8/2015,39.959999
2015,5/7/2015,39.560001
2015,5/6/2015,39.450001
2015,5/5/2015,39.610001
2015,5/4/2015,39.91
2015,5/1/2015,39.849998
2015,4/30/2015,39.68
2015,4/29/2015,39.939999
2015,4/28/2015,40.060001
2015,4/27/2015,39.959999
2015,4/24/2015,40.029999
2015,4/23/2015,39.939999
2015,4/22/2015,39.860001
2015,4/21/2015,39.799999
2015,4/20/2015,39.869999
2015,4/17/2015,39.68
2015,4/16/2015,39.919998
2015,4/15/2015,39.950001
2015,4/14/2015,39.77
2015,4/13/2015,39.669998
2015,4/10/2015,39.799999
2015,4/9/2015,39.650002
2015,4/8/2015,39.57
2015,4/7/2015,39.48
2015,4/6/2015,39.450001
2015,4/2/2015,39.290001
2015,4/1/2015,39.209999
2015,3/31/2015,39.25
2015,3/30/2015,39.459999
2015,3/27/2015,39.169998
2015,3/26/2015,39.09
2015,3/25/2015,39.450001
2015,3/24/2015,39.84
2015,3/23/2015,39.990002
2015,3/20/2015,40.009998
2015,3/19/2015,39.700001
2015,3/18/2015,39.93
2015,3/17/2015,39.470001
2015,3/16/2015,39.57
2015,3/13/2015,39.169998
2015,3/12/2015,39.310001
2015,3/11/2015,39
2015,3/10/2015,39
2015,3/9/2015,39.450001
2015,3/6/2015,39.32
2015,3/5/2015,39.740002
2015,3/4/2015,39.720001
2015,3/3/2015,39.790001
2015,3/2/2015,39.939999
2015,2/27/2015,39.869999
2015,2/26/2015,39.900002
2015,2/25/2015,40
2015,2/24/2015,40.009998
2015,2/23/2015,39.82
2015,2/20/2015,39.790001
2015,2/19/2015,39.639999
2015,2/18/2015,39.720001
2015,2/17/2015,39.740002
2015,2/13/2015,39.75
2015,2/12/2015,39.650002
2015,2/11/2015,39.369999
2015,2/10/2015,39.380001
2015,2/9/2015,39.16
2015,2/6/2015,39.25
2015,2/5/2015,39.380001
2015,2/4/2015,39.200001
2015,2/3/2015,39.279999
2015,2/2/2015,38.970001
2015,1/30/2015,38.610001
2015,1/29/2015,38.91
2015,1/28/2015,38.779999
2015,1/27/2015,39.130001
2015,1/26/2015,39.450001
2015,1/23/2015,39.380001
2015,1/22/2015,39.509998
2015,1/21/2015,39.169998
2015,1/20/2015,39.09
2015,1/16/2015,39.040001
2015,1/15/2015,38.77
2015,1/14/2015,38.830002
2015,1/13/2015,38.939999
2015,1/12/2015,38.970001
2015,1/9/2015,39.09
2015,1/8/2015,39.259998
2015,1/7/2015,38.84
2015,1/6/2015,38.599998
2015,1/5/2015,38.73
2015,1/2/2015,39.16
2014,12/31/2014,39.150002
2014,12/30/2014,39.400002
2014,12/29/2014,39.509998
2014,12/26/2014,39.459999
2014,12/24/2014,41.169998
2014,12/23/2014,41.150002
2014,12/22/2014,41.200001
2014,12/19/2014,41.09
2014,12/18/2014,40.950001
2014,12/17/2014,40.330002
2014,12/16/2014,39.93
2014,12/15/2014,40.02
2014,12/12/2014,40.259998
2014,12/11/2014,40.68
2014,12/10/2014,40.580002
2014,12/9/2014,40.959999
2014,12/8/2014,41
2014,12/5/2014,41.119999
2014,12/4/2014,41.099998
2014,12/3/2014,41.110001
2014,12/2/2014,41.009998
2014,12/1/2014,40.900002
2014,11/28/2014,41.02
2014,11/26/2014,41.130001
2014,11/25/2014,41
2014,11/24/2014,41
2014,11/21/2014,40.91
2014,11/20/2014,40.709999
2014,11/19/2014,40.66
2014,11/18/2014,40.73
2014,11/17/2014,40.59
2014,11/14/2014,40.580002
2014,11/13/2014,40.549999
2014,11/12/2014,40.490002
2014,11/11/2014,40.560001
2014,11/10/2014,40.509998
2014,11/7/2014,40.5
2014,11/6/2014,40.439999
2014,11/5/2014,40.400002
2014,11/4/2014,40.200001
2014,11/3/2014,40.25
2014,10/31/2014,40.290001
2014,10/30/2014,40
2014,10/29/2014,39.860001
2014,10/28/2014,39.860001
2014,10/27/2014,39.599998
2014,10/24/2014,39.630001
2014,10/23/2014,39.419998
2014,10/22/2014,39.16
2014,10/21/2014,39.34
2014,10/20/2014,38.889999
2014,10/17/2014,38.73
2014,10/16/2014,38.380001
2014,10/15/2014,38.41
2014,10/14/2014,38.650002
2014,10/13/2014,38.619999
2014,10/10/2014,38.919998
2014,10/9/2014,39.139999
2014,10/8/2014,39.720001
2014,10/7/2014,39.259998
2014,10/6/2014,39.610001
2014,10/3/2014,39.599998
2014,10/2/2014,39.34
2014,10/1/2014,39.419998
2014,9/30/2014,39.669998
2014,9/29/2014,39.75
2014,9/26/2014,39.82
2014,9/25/2014,39.66
2014,9/24/2014,40.009998
2014,9/23/2014,39.880001
2014,9/22/2014,40.060001
2014,9/19/2014,40.23
2014,9/18/2014,40.439999
2014,9/17/2014,40.290001
2014,9/16/2014,40.310001
2014,9/15/2014,40.150002
2014,9/12/2014,40.119999
2014,9/11/2014,40.259998
2014,9/10/2014,40.240002
2014,9/9/2014,40.189999
2014,9/8/2014,40.349998
2014,9/5/2014,40.470001
2014,9/4/2014,40.330002
2014,9/3/2014,40.439999
2014,9/2/2014,40.360001
2014,8/29/2014,40.459999
2014,8/28/2014,40.360001
2014,8/27/2014,40.380001
2014,8/26/2014,40.34
2014,8/25/2014,40.310001
2014,8/22/2014,40.150002
2014,8/21/2014,40.209999
2014,8/20/2014,40.07
2014,8/19/2014,40.040001
2014,8/18/2014,39.950001
2014,8/15/2014,39.77
2014,8/14/2014,39.740002
2014,8/13/2014,39.610001
2014,8/12/2014,39.419998
2014,8/11/2014,39.459999
2014,8/8/2014,39.400002
2014,8/7/2014,39.16
2014,8/6/2014,39.25
2014,8/5/2014,39.32
2014,8/4/2014,39.580002
2014,8/1/2014,39.43
2014,7/31/2014,39.490002
2014,7/30/2014,40.02
2014,7/29/2014,40.09
2014,7/28/2014,40.23
2014,7/25/2014,40.240002
2014,7/24/2014,40.32
2014,7/23/2014,40.34
2014,7/22/2014,40.310001
2014,7/21/2014,40.16
2014,7/18/2014,40.200001
2014,7/17/2014,40
2014,7/16/2014,40.259998
2014,7/15/2014,40.040001
2014,7/14/2014,40.02
2014,7/11/2014,39.939999
2014,7/10/2014,39.880001
2014,7/9/2014,40
2014,7/8/2014,39.889999
2014,7/7/2014,40.02
2014,7/3/2014,40.119999
2014,7/2/2014,40
2014,7/1/2014,40.009998
2014,6/30/2014,39.900002
2014,6/27/2014,39.91
2014,6/26/2014,39.880001
2014,6/25/2014,39.900002
2014,6/24/2014,39.77
2014,6/23/2014,39.91
2014,6/20/2014,39.919998
2014,6/19/2014,40.07
2014,6/18/2014,40.049999
2014,6/17/2014,39.790001
2014,6/16/2014,39.759998
2014,6/13/2014,39.759998
2014,6/12/2014,39.68
2014,6/11/2014,39.799999
2014,6/10/2014,39.889999
2014,6/9/2014,39.900002
2014,6/6/2014,39.860001
2014,6/5/2014,39.75
2014,6/4/2014,39.59
2014,6/3/2014,39.549999
2014,6/2/2014,39.59
2014,5/30/2014,39.580002
2014,5/29/2014,39.52
2014,5/28/2014,39.400002
2014,5/27/2014,39.41
2014,5/23/2014,39.290001
2014,5/22/2014,39.200001
2014,5/21/2014,39.16
2014,5/20/2014,38.959999
2014,5/19/2014,39.09
2014,5/16/2014,39.060001
2014,5/15/2014,39
2014,5/14/2014,39.169998
2014,5/13/2014,39.23
2014,5/12/2014,39.16
2014,5/9/2014,38.990002
2014,5/8/2014,38.990002
2014,5/7/2014,39.009998
2014,5/6/2014,38.860001
2014,5/5/2014,39
2014,5/2/2014,39
2014,5/1/2014,39.040001
2014,4/30/2014,39.009998
2014,4/29/2014,38.939999
2014,4/28/2014,38.810001
2014,4/25/2014,38.68
2014,4/24/2014,38.830002
2014,4/23/2014,38.810001
2014,4/22/2014,38.790001
2014,4/21/2014,38.720001
2014,4/17/2014,38.599998
2014,4/16/2014,38.610001
2014,4/15/2014,38.389999
2014,4/14/2014,38.259998
2014,4/11/2014,38.099998
2014,4/10/2014,38.27
2014,4/9/2014,38.740002
2014,4/8/2014,38.470001
2014,4/7/2014,38.389999
2014,4/4/2014,38.619999
2014,4/3/2014,38.810001
2014,4/2/2014,38.75
2014,4/1/2014,38.700001
2014,3/31/2014,38.59
2014,3/28/2014,38.380001
2014,3/27/2014,38.48
2014,3/26/2014,38.529999
2014,3/25/2014,38.610001
2014,3/24/2014,38.43
2014,3/21/2014,38.459999
2014,3/20/2014,38.470001
2014,3/19/2014,38.32
2014,3/18/2014,38.52
2014,3/17/2014,38.349998
2014,3/14/2014,38.150002
2014,3/13/2014,38.23
2014,3/12/2014,38.450001
2014,3/11/2014,38.43
2014,3/10/2014,38.580002
2014,3/7/2014,38.599998
2014,3/6/2014,38.610001
2014,3/5/2014,38.580002
2014,3/4/2014,38.580002
2014,3/3/2014,38.259998
2014,2/28/2014,38.48
2014,2/27/2014,38.380001
2014,2/26/2014,38.220001
2014,2/25/2014,38.189999
2014,2/24/2014,38.209999
2014,2/21/2014,38.09
2014,2/20/2014,38.119999
2014,2/19/2014,37.959999
2014,2/18/2014,38.139999
2014,2/14/2014,38.060001
2014,2/13/2014,37.91
2014,2/12/2014,37.799999
2014,2/11/2014,37.799999
2014,2/10/2014,37.509998
2014,2/7/2014,37.48
2014,2/6/2014,37.189999
2014,2/5/2014,36.939999
2014,2/4/2014,36.98
2014,2/3/2014,36.880001
2014,1/31/2014,37.360001
2014,1/30/2014,37.5
2014,1/29/2014,37.290001
2014,1/28/2014,37.48
2014,1/27/2014,37.310001
2014,1/24/2014,37.459999
2014,1/23/2014,37.950001
2014,1/22/2014,38.110001
2014,1/21/2014,38.110001
2014,1/17/2014,38.029999
2014,1/16/2014,38.119999
2014,1/15/2014,38.119999
2014,1/14/2014,37.959999
2014,1/13/2014,37.77
2014,1/10/2014,38.009998
2014,1/9/2014,37.869999
2014,1/8/2014,37.810001
2014,1/7/2014,37.860001
2014,1/6/2014,37.700001
2014,1/3/2014,37.73
2014,1/2/2014,37.709999
2013,12/31/2013,37.939999
2013,12/30/2013,37.889999
2013,12/27/2013,37.860001
2013,12/26/2013,37.82
2013,12/24/2013,39.490002
2013,12/23/2013,39.43
2013,12/20/2013,39.330002
2013,12/19/2013,39.189999
2013,12/18/2013,39.18
2013,12/17/2013,38.740002
2013,12/16/2013,38.849998
2013,12/13/2013,38.66
2013,12/12/2013,38.669998
2013,12/11/2013,38.790001
2013,12/10/2013,39.110001
2013,12/9/2013,39.130001
2013,12/6/2013,39.080002
2013,12/5/2013,38.75
2013,12/4/2013,38.889999
2013,12/3/2013,38.970001
2013,12/2/2013,39.09
2013,11/29/2013,39.169998
2013,11/27/2013,39.18
2013,11/26/2013,39.150002
2013,11/25/2013,39.18
2013,11/22/2013,39.23
2013,11/21/2013,39.080002
2013,11/20/2013,38.84
2013,11/19/2013,39
2013,11/18/2013,39.07
2013,11/15/2013,39.060001
2013,11/14/2013,38.950001
2013,11/13/2013,38.799999
2013,11/12/2013,38.580002
2013,11/11/2013,38.650002
2013,11/8/2013,38.639999
2013,11/7/2013,38.400002
2013,11/6/2013,38.630001
2013,11/5/2013,38.439999
2013,11/4/2013,38.540001
2013,11/1/2013,38.450001
2013,10/31/2013,38.43
2013,10/30/2013,38.52
2013,10/29/2013,38.68
2013,10/28/2013,38.52
2013,10/25/2013,38.509998
2013,10/24/2013,38.41
2013,10/23/2013,38.330002
2013,10/22/2013,38.439999
2013,10/21/2013,38.259998
2013,10/18/2013,38.259998
2013,10/17/2013,38.169998
2013,10/16/2013,37.959999
2013,10/15/2013,37.599998
2013,10/14/2013,37.77
2013,10/11/2013,37.700001
2013,10/10/2013,37.529999
2013,10/9/2013,36.990002
2013,10/8/2013,37
2013,10/7/2013,37.27
2013,10/4/2013,37.450001
2013,10/3/2013,37.330002
2013,10/2/2013,37.540001
2013,10/1/2013,37.540001
2013,9/30/2013,37.389999
2013,9/27/2013,37.540001
2013,9/26/2013,37.610001
2013,9/25/2013,37.810001
2013,9/24/2013,37.799999
2013,9/23/2013,37.849998
2013,9/20/2013,37.950001
2013,9/19/2013,38.139999
2013,9/18/2013,38.209999
2013,9/17/2013,37.82
2013,9/16/2013,37.73
2013,9/13/2013,37.549999
2013,9/12/2013,37.450001
2013,9/11/2013,37.529999
2013,9/10/2013,37.380001
2013,9/9/2013,37.189999
2013,9/6/2013,36.990002
2013,9/5/2013,36.970001
2013,9/4/2013,37
2013,9/3/2013,36.830002
2013,8/30/2013,36.779999
2013,8/29/2013,36.889999
2013,8/28/2013,36.830002
2013,8/27/2013,36.810001
2013,8/26/2013,37.150002
2013,8/23/2013,37.240002
2013,8/22/2013,37.07
2013,8/21/2013,36.84
2013,8/20/2013,37.049999
2013,8/19/2013,36.950001
2013,8/16/2013,37.130001
2013,8/15/2013,37.209999
2013,8/14/2013,37.580002
2013,8/13/2013,37.700001
2013,8/12/2013,37.689999
2013,8/9/2013,37.75
2013,8/8/2013,37.779999
2013,8/7/2013,37.66
2013,8/6/2013,37.720001
2013,8/5/2013,37.860001
2013,8/2/2013,37.919998
2013,8/1/2013,37.849998
2013,7/31/2013,37.619999
2013,7/30/2013,37.549999
2013,7/29/2013,37.580002
2013,7/26/2013,37.689999
2013,7/25/2013,37.669998
2013,7/24/2013,37.669998
2013,7/23/2013,37.779999
2013,7/22/2013,37.77
2013,7/19/2013,37.689999
2013,7/18/2013,37.630001
2013,7/17/2013,37.5
2013,7/16/2013,37.389999
2013,7/15/2013,37.459999
2013,7/12/2013,37.380001
2013,7/11/2013,37.369999
2013,7/10/2013,36.970001
2013,7/9/2013,37
2013,7/8/2013,36.779999
2013,7/5/2013,36.549999
2013,7/3/2013,36.450001
2013,7/2/2013,36.43
2013,7/1/2013,36.439999
2013,6/28/2013,36.330002
2013,6/27/2013,36.41
2013,6/26/2013,36.43
2013,6/25/2013,36.150002
2013,6/24/2013,35.950001
2013,6/21/2013,36.27
2013,6/20/2013,36.299999
2013,6/19/2013,36.98
2013,6/18/2013,37.400002
2013,6/17/2013,37.25
2013,6/14/2013,37.060001
2013,6/13/2013,37.220001
2013,6/12/2013,36.810001
2013,6/11/2013,37.040001
2013,6/10/2013,37.259998
2013,6/7/2013,37.27
2013,6/6/2013,37
2013,6/5/2013,36.799999
2013,6/4/2013,37.130001
2013,6/3/2013,37.279999
2013,5/31/2013,37.07
2013,5/30/2013,37.470001
2013,5/29/2013,37.369999
2013,5/28/2013,37.490002
2013,5/24/2013,37.43
2013,5/23/2013,37.439999
2013,5/22/2013,37.509998
2013,5/21/2013,37.759998
2013,5/20/2013,37.639999
2013,5/17/2013,37.68
2013,5/16/2013,37.490002
2013,5/15/2013,37.560001
2013,5/14/2013,37.380001
2013,5/13/2013,37.18
2013,5/10/2013,37.18
2013,5/9/2013,37.150002
2013,5/8/2013,37.279999
2013,5/7/2013,37.139999
2013,5/6/2013,37
2013,5/3/2013,36.990002
2013,5/2/2013,36.830002
2013,5/1/2013,36.610001
2013,4/30/2013,36.830002
2013,4/29/2013,36.799999
2013,4/26/2013,36.619999
2013,4/25/2013,36.57
2013,4/24/2013,36.470001
2013,4/23/2013,36.43
2013,4/22/2013,36.18
2013,4/19/2013,36.080002
2013,4/18/2013,35.889999
2013,4/17/2013,35.990002
2013,4/16/2013,36.299999
2013,4/15/2013,36.029999
2013,4/12/2013,36.509998
2013,4/11/2013,36.549999
2013,4/10/2013,36.43
2013,4/9/2013,36.189999
2013,4/8/2013,36.099998
2013,4/5/2013,36
2013,4/4/2013,36.029999
2013,4/3/2013,35.889999
2013,4/2/2013,36.07
2013,4/1/2013,35.93
2013,3/28/2013,36.009998
2013,3/27/2013,35.919998
2013,3/26/2013,36.16
2013,3/25/2013,35.98
2013,3/22/2013,36.060001
2013,3/21/2013,35.900002
2013,3/20/2013,36.09
2013,3/19/2013,36
2013,3/18/2013,36.049999
2013,3/15/2013,36.189999
2013,3/14/2013,36.209999
2013,3/13/2013,36.02
2013,3/12/2013,35.990002
2013,3/11/2013,36
2013,3/8/2013,35.880001
2013,3/7/2013,35.82
2013,3/6/2013,35.779999
2013,3/5/2013,35.740002
2013,3/4/2013,35.509998
2013,3/1/2013,35.41
2013,2/28/2013,35.330002
2013,2/27/2013,35.360001
2013,2/26/2013,35.060001
2013,2/25/2013,34.959999
2013,2/22/2013,35.32
2013,2/21/2013,35.119999
2013,2/20/2013,35.27
2013,2/19/2013,35.509998
2013,2/15/2013,35.330002
2013,2/14/2013,35.360001
2013,2/13/2013,35.32
2013,2/12/2013,35.330002
2013,2/11/2013,35.25
2013,2/8/2013,35.240002
2013,2/7/2013,35.130001
2013,2/6/2013,35.23
2013,2/5/2013,35.200001
2013,2/4/2013,34.970001
2013,2/1/2013,35.200001
2013,1/31/2013,35.029999
2013,1/30/2013,35.099998
2013,1/29/2013,35.200001
2013,1/28/2013,35.099998
2013,1/25/2013,35.189999
2013,1/24/2013,35.110001
2013,1/23/2013,35.02
2013,1/22/2013,35.009998
2013,1/18/2013,34.91
2013,1/17/2013,34.830002
2013,1/16/2013,34.689999
2013,1/15/2013,34.740002
2013,1/14/2013,34.68
2013,1/11/2013,34.68
2013,1/10/2013,34.630001
2013,1/9/2013,34.439999
2013,1/8/2013,34.34
2013,1/7/2013,34.380001
2013,1/4/2013,34.450001
2013,1/3/2013,34.279999
2013,1/2/2013,34.34
2012,12/31/2012,33.84
2012,12/28/2012,33.580002
2012,12/27/2012,34.52
2012,12/26/2012,34.540001
2012,12/24/2012,34.580002
2012,12/21/2012,34.650002
2012,12/20/2012,34.860001
2012,12/19/2012,34.73
2012,12/18/2012,34.84
2012,12/17/2012,34.599998
2012,12/14/2012,34.389999
2012,12/13/2012,34.43
2012,12/12/2012,34.580002
2012,12/11/2012,34.610001
2012,12/10/2012,34.5
2012,12/7/2012,34.470001
2012,12/6/2012,34.380001
2012,12/5/2012,34.330002
2012,12/4/2012,34.189999
2012,12/3/2012,34.18
2012,11/30/2012,34.299999
2012,11/29/2012,34.279999
2012,11/28/2012,34.18
2012,11/27/2012,34
2012,11/26/2012,34.09
2012,11/23/2012,34.130001
2012,11/21/2012,33.84
2012,11/20/2012,33.799999
2012,11/19/2012,33.77
2012,11/16/2012,33.43
2012,11/15/2012,33.369999
2012,11/14/2012,33.380001
2012,11/13/2012,33.68
2012,11/12/2012,33.779999
2012,11/9/2012,33.77
2012,11/8/2012,33.779999
2012,11/7/2012,33.98
2012,11/6/2012,34.41
2012,11/5/2012,34.279999
2012,11/2/2012,34.25
2012,11/1/2012,34.439999
2012,10/31/2012,34.23
2012,10/26/2012,34.189999
2012,10/25/2012,34.139999
2012,10/24/2012,34.049999
2012,10/23/2012,34.130001
2012,10/22/2012,34.43
2012,10/19/2012,34.48
2012,10/18/2012,34.779999
2012,10/17/2012,34.740002
2012,10/16/2012,34.639999
2012,10/15/2012,34.43
2012,10/12/2012,34.25
2012,10/11/2012,34.279999
2012,10/10/2012,34.23
2012,10/9/2012,34.369999
2012,10/8/2012,34.59
2012,10/5/2012,34.619999
2012,10/4/2012,34.619999
2012,10/3/2012,34.450001
2012,10/2/2012,34.380001
2012,10/1/2012,34.34
2012,9/28/2012,34.23
2012,9/27/2012,34.32
2012,9/26/2012,34.360001
2012,9/25/2012,34.459999
2012,9/24/2012,34.630001
2012,9/21/2012,34.610001
2012,9/20/2012,34.610001
2012,9/19/2012,34.59
2012,9/18/2012,34.549999
2012,9/17/2012,34.560001
2012,9/14/2012,34.619999
2012,9/13/2012,34.580002
2012,9/12/2012,34.18
2012,9/11/2012,34.189999
2012,9/10/2012,34.110001
2012,9/7/2012,34.23
2012,9/6/2012,34.139999
2012,9/5/2012,33.689999
2012,9/4/2012,33.73
2012,8/31/2012,33.799999
2012,8/30/2012,33.639999
2012,8/29/2012,33.779999
2012,8/28/2012,33.77
2012,8/27/2012,33.790001
2012,8/24/2012,33.799999
2012,8/23/2012,33.66
2012,8/22/2012,33.790001
2012,8/21/2012,33.759998
2012,8/20/2012,33.779999
2012,8/17/2012,33.799999
2012,8/16/2012,33.779999
2012,8/15/2012,33.650002
2012,8/14/2012,33.669998
2012,8/13/2012,33.709999
2012,8/10/2012,33.77
2012,8/9/2012,33.689999
2012,8/8/2012,33.689999
2012,8/7/2012,33.66
2012,8/6/2012,33.619999
2012,8/3/2012,33.57
2012,8/2/2012,33.200001
2012,8/1/2012,33.349998
2012,7/31/2012,33.389999
2012,7/30/2012,33.509998
2012,7/27/2012,33.470001
2012,7/26/2012,33.110001
2012,7/25/2012,32.779999
2012,7/24/2012,32.709999
2012,7/23/2012,32.900002
2012,7/20/2012,33.119999
2012,7/19/2012,33.310001
2012,7/18/2012,33.259998
2012,7/17/2012,33.060001
2012,7/16/2012,32.919998
2012,7/13/2012,32.939999
2012,7/12/2012,32.580002
2012,7/11/2012,32.650002
2012,7/10/2012,32.610001
2012,7/9/2012,32.77
2012,7/6/2012,32.759998
2012,7/5/2012,32.919998
2012,7/3/2012,33.110001
2012,7/2/2012,33.009998
2012,6/29/2012,32.91
2012,6/28/2012,32.389999
2012,6/27/2012,32.639999
2012,6/26/2012,32.419998
2012,6/25/2012,32.349998
2012,6/22/2012,32.650002
2012,6/21/2012,32.540001
2012,6/20/2012,32.990002
2012,6/19/2012,33
2012,6/18/2012,32.77
2012,6/15/2012,32.790001
2012,6/14/2012,32.529999
2012,6/13/2012,32.299999
2012,6/12/2012,32.360001
2012,6/11/2012,32.150002
2012,6/8/2012,32.360001
2012,6/7/2012,32.23
2012,6/6/2012,32.169998
2012,6/5/2012,31.719999
2012,6/4/2012,31.639999
2012,6/1/2012,31.690001
2012,5/31/2012,32.119999
2012,5/30/2012,32.119999
2012,5/29/2012,32.369999
2012,5/25/2012,32.16
2012,5/24/2012,32.200001
2012,5/23/2012,32.139999
2012,5/22/2012,32.18
2012,5/21/2012,32.18
2012,5/18/2012,32
2012,5/17/2012,32.16
2012,5/16/2012,32.419998
2012,5/15/2012,32.5
2012,5/14/2012,32.650002
2012,5/11/2012,32.849998
2012,5/10/2012,32.91
2012,5/9/2012,32.82
2012,5/8/2012,32.990002
2012,5/7/2012,33.110001
2012,5/4/2012,33.07
2012,5/3/2012,33.380001
2012,5/2/2012,33.52
2012,5/1/2012,33.560001
2012,4/30/2012,33.450001
2012,4/27/2012,33.5
2012,4/26/2012,33.450001
2012,4/25/2012,33.290001
2012,4/24/2012,33.09
2012,4/23/2012,32.990002
2012,4/20/2012,33.16
2012,4/19/2012,33.07
2012,4/18/2012,33.119999
2012,4/17/2012,33.240002
2012,4/16/2012,32.939999
2012,4/13/2012,32.84
2012,4/12/2012,33.080002
2012,4/11/2012,32.790001
2012,4/10/2012,32.669998
2012,4/9/2012,33.009998
2012,4/5/2012,33.18
2012,4/4/2012,33.209999
2012,4/3/2012,33.419998
2012,4/2/2012,33.650002
2012,3/30/2012,33.48
2012,3/29/2012,33.380001
2012,3/28/2012,33.650002
2012,3/27/2012,33.779999
2012,3/26/2012,33.869999
2012,3/23/2012,33.540001
2012,3/22/2012,33.43
2012,3/21/2012,33.59
2012,3/20/2012,33.610001
2012,3/19/2012,33.689999
2012,3/16/2012,33.66
2012,3/15/2012,33.610001
2012,3/14/2012,33.450001
2012,3/13/2012,33.610001
2012,3/12/2012,33.25
2012,3/9/2012,33.25
2012,3/8/2012,33.200001
2012,3/7/2012,33
2012,3/6/2012,32.860001
2012,3/5/2012,33.220001
2012,3/2/2012,33.290001
2012,3/1/2012,33.349998
2012,2/29/2012,33.209999
2012,2/28/2012,33.330002
2012,2/27/2012,33.220001
2012,2/24/2012,33.16
2012,2/23/2012,33.139999
2012,2/22/2012,33
2012,2/21/2012,33.049999
2012,2/17/2012,33.080002
2012,2/16/2012,32.970001
2012,2/15/2012,32.77
2012,2/14/2012,32.84
2012,2/13/2012,32.889999
2012,2/10/2012,32.73
2012,2/9/2012,32.869999
2012,2/8/2012,32.919998
2012,2/7/2012,32.889999
2012,2/6/2012,32.860001
2012,2/3/2012,32.860001
2012,2/2/2012,32.599998
2012,2/1/2012,32.580002
2012,1/31/2012,32.369999
2012,1/30/2012,32.349998
2012,1/27/2012,32.389999
2012,1/26/2012,32.439999
2012,1/25/2012,32.529999
2012,1/24/2012,32.369999
2012,1/23/2012,32.41
2012,1/20/2012,32.41
2012,1/19/2012,32.34
2012,1/18/2012,32.27
2012,1/17/2012,32.049999
2012,1/13/2012,31.950001
2012,1/12/2012,32.049999
2012,1/11/2012,31.969999
2012,1/10/2012,31.940001
2012,1/9/2012,31.76
2012,1/6/2012,31.67
2012,1/5/2012,31.719999
2012,1/4/2012,31.700001
2012,1/3/2012,31.719999
2011,12/30/2011,31.34
2011,12/29/2011,31.389999
2011,12/28/2011,31.129999
2011,12/27/2011,31.34
2011,12/23/2011,31.57
2011,12/22/2011,31.43
2011,12/21/2011,31.219999
2011,12/20/2011,31.200001
2011,12/19/2011,30.67
2011,12/16/2011,30.889999
2011,12/15/2011,30.790001
2011,12/14/2011,30.719999
2011,12/13/2011,30.870001
2011,12/12/2011,30.99
2011,12/9/2011,31.299999
2011,12/8/2011,31
2011,12/7/2011,31.450001
2011,12/6/2011,31.32
2011,12/5/2011,31.280001
2011,12/2/2011,31.049999
2011,12/1/2011,30.98
2011,11/30/2011,31.08
2011,11/29/2011,30.200001
2011,11/28/2011,30.16
2011,11/25/2011,29.559999
2011,11/23/2011,29.66
2011,11/22/2011,30.08
2011,11/21/2011,30.17
2011,11/18/2011,30.559999
2011,11/17/2011,30.59
2011,11/16/2011,30.860001
2011,11/15/2011,31.17
2011,11/14/2011,31.15
2011,11/11/2011,31.34
2011,11/10/2011,30.950001
2011,11/9/2011,30.780001
2011,11/8/2011,31.559999
2011,11/7/2011,31.35
2011,11/4/2011,31.190001
2011,11/3/2011,31.360001
2011,11/2/2011,31.02
2011,11/1/2011,30.73
2011,10/31/2011,31.280001
2011,10/28/2011,31.77
2011,10/27/2011,31.74
2011,10/26/2011,31.049999
2011,10/25/2011,30.860001
2011,10/24/2011,31.139999
2011,10/21/2011,30.940001
2011,10/20/2011,30.540001
2011,10/19/2011,30.48
2011,10/18/2011,30.66
2011,10/17/2011,30.24
2011,10/14/2011,30.58
2011,10/13/2011,30.280001
2011,10/12/2011,30.34
2011,10/11/2011,30.1
2011,10/10/2011,30.16
2011,10/7/2011,29.540001
2011,10/6/2011,29.700001
2011,10/5/2011,29.379999
2011,10/4/2011,29.02
2011,10/3/2011,28.709999
2011,9/30/2011,29.200001
2011,9/29/2011,29.610001
2011,9/28/2011,29.59
2011,9/27/2011,29.940001
2011,9/26/2011,29.700001
2011,9/23/2011,29.280001
2011,9/22/2011,29.26
2011,9/21/2011,29.82
2011,9/20/2011,30.379999
2011,9/19/2011,30.32
2011,9/16/2011,30.530001
2011,9/15/2011,30.4
2011,9/14/2011,30.08
2011,9/13/2011,29.82
2011,9/12/2011,29.700001
2011,9/9/2011,29.639999
2011,9/8/2011,30.15
2011,9/7/2011,30.33
2011,9/6/2011,29.83
2011,9/2/2011,30.110001
2011,9/1/2011,30.540001
2011,8/31/2011,30.700001
2011,8/30/2011,30.59
2011,8/29/2011,30.51
2011,8/26/2011,30.01
2011,8/25/2011,29.780001
2011,8/24/2011,30.049999
2011,8/23/2011,29.91
2011,8/22/2011,29.4
2011,8/19/2011,29.42
2011,8/18/2011,29.68
2011,8/17/2011,30.51
2011,8/16/2011,30.379999
2011,8/15/2011,30.5
2011,8/12/2011,30.08
2011,8/11/2011,29.92
2011,8/10/2011,29.26
2011,8/9/2011,30.1
2011,8/8/2011,29.25
2011,8/5/2011,30.450001
2011,8/4/2011,30.559999
2011,8/3/2011,31.42
2011,8/2/2011,31.34
2011,8/1/2011,31.74
2011,7/29/2011,31.82
2011,7/28/2011,31.860001
2011,7/27/2011,31.940001
2011,7/26/2011,32.349998
2011,7/25/2011,32.380001
2011,7/22/2011,32.509998
2011,7/21/2011,32.509998
2011,7/20/2011,32.209999
2011,7/19/2011,32.220001
2011,7/18/2011,31.870001
2011,7/15/2011,32.099998
2011,7/14/2011,32.07
2011,7/13/2011,32.209999
2011,7/12/2011,32.099998
2011,7/11/2011,32.200001
2011,7/8/2011,32.560001
2011,7/7/2011,32.650002
2011,7/6/2011,32.470001
2011,7/5/2011,32.470001
2011,7/1/2011,32.5
2011,6/30/2011,32.240002
2011,6/29/2011,32.009998
2011,6/28/2011,32.07
2011,6/27/2011,31.870001
2011,6/24/2011,31.719999
2011,6/23/2011,31.93
2011,6/22/2011,32
2011,6/21/2011,32.139999
2011,6/20/2011,31.870001
2011,6/17/2011,31.809999
2011,6/16/2011,31.73
2011,6/15/2011,31.690001
2011,6/14/2011,32.040001
2011,6/13/2011,31.870001
2011,6/10/2011,31.82
2011,6/9/2011,32.119999
2011,6/8/2011,31.98
2011,6/7/2011,32.040001
2011,6/6/2011,32.040001
2011,6/3/2011,32.259998
2011,6/2/2011,32.389999
2011,6/1/2011,32.490002
2011,5/31/2011,32.919998
2011,5/27/2011,32.639999
2011,5/26/2011,32.52
2011,5/25/2011,32.400002
2011,5/24/2011,32.349998
2011,5/23/2011,32.32
2011,5/20/2011,32.59
2011,5/19/2011,32.759998
2011,5/18/2011,32.709999
2011,5/17/2011,32.630001
2011,5/16/2011,32.57
2011,5/13/2011,32.639999
2011,5/12/2011,32.830002
2011,5/11/2011,32.75
2011,5/10/2011,32.970001
2011,5/9/2011,32.810001
2011,5/6/2011,32.759998
2011,5/5/2011,32.669998
2011,5/4/2011,32.91
2011,5/3/2011,33.080002
2011,5/2/2011,33.110001
2011,4/29/2011,33.09
2011,4/28/2011,33.040001
2011,4/27/2011,32.939999
2011,4/26/2011,32.759998
2011,4/25/2011,32.490002
2011,4/21/2011,32.48
2011,4/20/2011,32.360001
2011,4/19/2011,32.119999
2011,4/18/2011,32
2011,4/15/2011,32.290001
2011,4/14/2011,32.139999
2011,4/13/2011,32.150002
2011,4/12/2011,32.169998
2011,4/11/2011,32.330002
2011,4/8/2011,32.41
2011,4/7/2011,32.43
2011,4/6/2011,32.470001
2011,4/5/2011,32.389999
2011,4/4/2011,32.41
2011,4/1/2011,32.369999
2011,3/31/2011,32.189999
2011,3/30/2011,32.240002
2011,3/29/2011,32.259998
2011,3/28/2011,32.150002
2011,3/25/2011,32.189999
2011,3/24/2011,32.150002
2011,3/23/2011,31.969999
2011,3/22/2011,31.940001
2011,3/21/2011,32.009998
2011,3/18/2011,31.73
2011,3/17/2011,31.59
2011,3/16/2011,31.27
2011,3/15/2011,31.690001
2011,3/14/2011,31.959999
2011,3/11/2011,32.049999
2011,3/10/2011,31.969999
2011,3/9/2011,32.34
2011,3/8/2011,32.299999
2011,3/7/2011,32.150002
2011,3/4/2011,32.330002
2011,3/3/2011,32.439999
2011,3/2/2011,32.130001
2011,3/1/2011,32.150002
2011,2/28/2011,32.450001
2011,2/25/2011,32.290001
2011,2/24/2011,32.07
2011,2/23/2011,32.080002
2011,2/22/2011,32.189999
2011,2/18/2011,32.57
2011,2/17/2011,32.52
2011,2/16/2011,32.400002
2011,2/15/2011,32.25
2011,2/14/2011,32.259998
2011,2/11/2011,32.240002
2011,2/10/2011,32.110001
2011,2/9/2011,32.169998
2011,2/8/2011,32.220001
2011,2/7/2011,32.150002
2011,2/4/2011,32.02
2011,2/3/2011,32.049999
2011,2/2/2011,32.049999
2011,2/1/2011,32.119999
2011,1/31/2011,31.719999
2011,1/28/2011,31.59
2011,1/27/2011,31.969999
2011,1/26/2011,31.879999
2011,1/25/2011,31.84
2011,1/24/2011,31.780001
2011,1/21/2011,31.67
2011,1/20/2011,31.52
2011,1/19/2011,31.559999
2011,1/18/2011,31.73
2011,1/14/2011,31.690001
2011,1/13/2011,31.540001
2011,1/12/2011,31.530001
2011,1/11/2011,31.299999
2011,1/10/2011,31.219999
2011,1/7/2011,31.280001
2011,1/6/2011,31.309999
2011,1/5/2011,31.32
2011,1/4/2011,31.33
2011,1/3/2011,31.299999
2010,12/31/2010,31.1
2010,12/30/2010,31.02
2010,12/29/2010,31.059999
2010,12/28/2010,30.950001
2010,12/27/2010,31.209999
2010,12/23/2010,31.190001
2010,12/22/2010,31.219999
2010,12/21/2010,31.139999
2010,12/20/2010,31
2010,12/17/2010,30.969999
2010,12/16/2010,30.940001
2010,12/15/2010,30.780001
2010,12/14/2010,30.940001
2010,12/13/2010,30.950001
2010,12/10/2010,30.889999
2010,12/9/2010,30.790001
2010,12/8/2010,30.67
2010,12/7/2010,30.620001
2010,12/6/2010,30.66
2010,12/3/2010,30.65
2010,12/2/2010,30.59
2010,12/1/2010,30.299999
2010,11/30/2010,29.940001
2010,11/29/2010,30.059999
2010,11/26/2010,30.09
2010,11/24/2010,30.24
2010,11/23/2010,30.049999
2010,11/22/2010,30.360001
2010,11/19/2010,30.41
2010,11/18/2010,30.370001
2010,11/17/2010,30.040001
2010,11/16/2010,30.07
2010,11/15/2010,30.34
2010,11/12/2010,30.41
2010,11/11/2010,30.700001
2010,11/10/2010,30.799999
2010,11/9/2010,30.73
2010,11/8/2010,30.91
2010,11/5/2010,30.98
2010,11/4/2010,30.969999
2010,11/3/2010,30.5
2010,11/2/2010,30.41
2010,11/1/2010,30.25
2010,10/29/2010,30.25
2010,10/28/2010,30.23
2010,10/27/2010,30.120001
2010,10/26/2010,30.24
2010,10/25/2010,30.32
2010,10/22/2010,30.280001
2010,10/21/2010,30.24
2010,10/20/2010,30.23
2010,10/19/2010,29.969999
2010,10/18/2010,30.309999
2010,10/15/2010,30.120001
2010,10/14/2010,30.200001
2010,10/13/2010,30.290001
2010,10/12/2010,30.16
2010,10/11/2010,30.120001
2010,10/8/2010,30.129999
2010,10/7/2010,30.030001
2010,10/6/2010,30.09
2010,10/5/2010,29.99
2010,10/4/2010,29.59
2010,10/1/2010,29.719999
2010,9/30/2010,29.620001
2010,9/29/2010,29.68
2010,9/28/2010,29.76
2010,9/27/2010,29.639999
2010,9/24/2010,29.9
2010,9/23/2010,29.540001
2010,9/22/2010,29.709999
2010,9/21/2010,29.790001
2010,9/20/2010,29.77
2010,9/17/2010,29.450001
2010,9/16/2010,29.459999
2010,9/15/2010,29.5
2010,9/14/2010,29.49
2010,9/13/2010,29.450001
2010,9/10/2010,29.190001
2010,9/9/2010,29.120001
2010,9/8/2010,29.049999
2010,9/7/2010,28.959999
2010,9/3/2010,29.15
2010,9/2/2010,28.93
2010,9/1/2010,28.82
2010,8/31/2010,28.34
2010,8/30/2010,28.27
2010,8/27/2010,28.469999
2010,8/26/2010,28.280001
2010,8/25/2010,28.370001
2010,8/24/2010,28.35
2010,8/23/2010,28.58
2010,8/20/2010,28.639999
2010,8/19/2010,28.780001
2010,8/18/2010,29.059999
2010,8/17/2010,29.02
2010,8/16/2010,28.85
2010,8/13/2010,28.76
2010,8/12/2010,28.809999
2010,8/11/2010,28.93
2010,8/10/2010,29.469999
2010,8/9/2010,29.540001
2010,8/6/2010,29.440001
2010,8/5/2010,29.48
2010,8/4/2010,29.450001
2010,8/3/2010,29.389999
2010,8/2/2010,29.43
2010,7/30/2010,28.99
2010,7/29/2010,28.9
2010,7/28/2010,28.940001
2010,7/27/2010,29.02
2010,7/26/2010,29
2010,7/23/2010,28.77
2010,7/22/2010,28.719999
2010,7/21/2010,28.309999
2010,7/20/2010,28.5
2010,7/19/2010,28.370001
2010,7/16/2010,28.290001
2010,7/15/2010,28.799999
2010,7/14/2010,28.700001
2010,7/13/2010,28.67
2010,7/12/2010,28.360001
2010,7/9/2010,28.33
2010,7/8/2010,28.209999
2010,7/7/2010,28.040001
2010,7/6/2010,27.559999
2010,7/2/2010,27.370001
2010,7/1/2010,27.459999
2010,6/30/2010,27.49
2010,6/29/2010,27.629999
2010,6/28/2010,28.1
2010,6/25/2010,28.32
2010,6/24/2010,28.26
2010,6/23/2010,28.58
2010,6/22/2010,28.620001
2010,6/21/2010,28.860001
2010,6/18/2010,28.9
2010,6/17/2010,28.889999
2010,6/16/2010,28.82
2010,6/15/2010,28.83
2010,6/14/2010,28.43
2010,6/11/2010,28.440001
2010,6/10/2010,28.34
2010,6/9/2010,27.83
2010,6/8/2010,27.950001
2010,6/7/2010,27.76
2010,6/4/2010,27.93
2010,6/3/2010,28.49
2010,6/2/2010,28.459999
2010,6/1/2010,28.040001
2010,5/28/2010,28.32
2010,5/27/2010,28.540001
2010,5/26/2010,27.99
2010,5/25/2010,28.139999
2010,5/24/2010,28.15
2010,5/21/2010,28.43
2010,5/20/2010,28.17
2010,5/19/2010,28.82
2010,5/18/2010,28.889999
2010,5/17/2010,29.1
2010,5/14/2010,29.07
2010,5/13/2010,29.389999
2010,5/12/2010,29.6
2010,5/11/2010,29.379999
2010,5/10/2010,29.440001
2010,5/7/2010,28.74
2010,5/6/2010,29.030001
2010,5/5/2010,29.6
2010,5/4/2010,29.74
2010,5/3/2010,30.129999
2010,4/30/2010,29.940001
2010,4/29/2010,30.16
2010,4/28/2010,29.91
2010,4/27/2010,29.84
2010,4/26/2010,30.299999
2010,4/23/2010,30.35
2010,4/22/2010,30.209999
2010,4/21/2010,30.25
2010,4/20/2010,30.309999
2010,4/19/2010,30.16
2010,4/16/2010,30.110001
2010,4/15/2010,30.41
2010,4/14/2010,30.35
2010,4/13/2010,30.16
2010,4/12/2010,30.18
2010,4/9/2010,30.110001
2010,4/8/2010,29.93
2010,4/7/2010,29.879999
2010,4/6/2010,29.969999
2010,4/5/2010,29.950001
2010,4/1/2010,29.889999
2010,3/31/2010,29.719999
2010,3/30/2010,29.709999
2010,3/29/2010,29.75
2010,3/26/2010,29.790001
2010,3/25/2010,29.74
2010,3/24/2010,29.77
2010,3/23/2010,29.99
2010,3/22/2010,29.85
2010,3/19/2010,29.76
2010,3/18/2010,29.84
2010,3/17/2010,29.879999
2010,3/16/2010,29.75
2010,3/15/2010,29.549999
2010,3/12/2010,29.5
2010,3/11/2010,29.48
2010,3/10/2010,29.4
2010,3/9/2010,29.34
2010,3/8/2010,29.33
2010,3/5/2010,29.360001
2010,3/4/2010,29.110001
2010,3/3/2010,29.030001
2010,3/2/2010,29.01
2010,3/1/2010,28.959999
2010,2/26/2010,28.77
2010,2/25/2010,28.709999
2010,2/24/2010,28.75
2010,2/23/2010,28.58
2010,2/22/2010,28.74
2010,2/19/2010,28.76
2010,2/18/2010,28.709999
2010,2/17/2010,28.610001
2010,2/16/2010,28.58
2010,2/12/2010,28.209999
2010,2/11/2010,28.24
2010,2/10/2010,28.08
2010,2/9/2010,28.17
2010,2/8/2010,27.950001
2010,2/5/2010,28.110001
2010,2/4/2010,28.139999
2010,2/3/2010,28.65
2010,2/2/2010,28.809999
2010,2/1/2010,28.57
2010,1/29/2010,28.360001
2010,1/28/2010,28.49
2010,1/27/2010,28.68
2010,1/26/2010,28.629999
2010,1/25/2010,28.700001
2010,1/22/2010,28.620001
2010,1/21/2010,29.02
2010,1/20/2010,29.41
2010,1/19/2010,29.629999
2010,1/15/2010,29.370001
2010,1/14/2010,29.58
2010,1/13/2010,29.49
2010,1/12/2010,29.389999
2010,1/11/2010,29.52
2010,1/8/2010,29.42
2010,1/7/2010,29.309999
2010,1/6/2010,29.25
2010,1/5/2010,29.26
2010,1/4/2010,29.190001
2009,12/31/2009,28.85
2009,12/30/2009,29.01
2009,12/29/2009,29
2009,12/28/2009,28.98
2009,12/24/2009,29.200001
2009,12/23/2009,29.17
2009,12/22/2009,29.15
2009,12/21/2009,29.1
2009,12/18/2009,28.98
2009,12/17/2009,28.940001
2009,12/16/2009,29.15
2009,12/15/2009,29.1
2009,12/14/2009,29.209999
2009,12/11/2009,29.040001
2009,12/10/2009,29.01
2009,12/9/2009,28.940001
2009,12/8/2009,28.9
2009,12/7/2009,29.110001
2009,12/4/2009,29.110001
2009,12/3/2009,29.059999
2009,12/2/2009,29.24
2009,12/1/2009,29.23
2009,11/30/2009,28.99
2009,11/27/2009,28.92
2009,11/25/2009,29.24
2009,11/24/2009,29.08
2009,11/23/2009,29.040001
2009,11/20/2009,28.76
2009,11/19/2009,28.83
2009,11/18/2009,29.059999
2009,11/17/2009,29.059999
2009,11/16/2009,29.040001
2009,11/13/2009,28.700001
2009,11/12/2009,28.59
2009,11/11/2009,28.809999
2009,11/10/2009,28.73
2009,11/9/2009,28.719999
2009,11/6/2009,28.26
2009,11/5/2009,28.24
2009,11/4/2009,27.870001
2009,11/3/2009,27.82
2009,11/2/2009,27.85
2009,10/30/2009,27.73
2009,10/29/2009,28.209999
2009,10/28/2009,27.83
2009,10/27/2009,28.139999
2009,10/26/2009,28.09
2009,10/23/2009,28.35
2009,10/22/2009,28.639999
2009,10/21/2009,28.42
2009,10/20/2009,28.59
2009,10/19/2009,28.68
2009,10/16/2009,28.42
2009,10/15/2009,28.549999
2009,10/14/2009,28.49
2009,10/13/2009,28.17
2009,10/12/2009,28.209999
2009,10/9/2009,28.09
2009,10/8/2009,28.059999
2009,10/7/2009,27.940001
2009,10/6/2009,27.870001
2009,10/5/2009,27.620001
2009,10/2/2009,27.360001
2009,10/1/2009,27.469999
2009,9/30/2009,27.860001
2009,9/29/2009,27.93
2009,9/28/2009,27.98
2009,9/25/2009,27.860001
2009,9/24/2009,27.92
2009,9/23/2009,28.09
2009,9/22/2009,28.26
2009,9/21/2009,28.1
2009,9/18/2009,28.209999
2009,9/17/2009,28.200001
2009,9/16/2009,28.219999
2009,9/15/2009,27.959999
2009,9/14/2009,27.91
2009,9/11/2009,27.83
2009,9/10/2009,27.790001
2009,9/9/2009,27.559999
2009,9/8/2009,27.42
2009,9/4/2009,27.26
2009,9/3/2009,27.1
2009,9/2/2009,26.98
2009,9/1/2009,27
2009,8/31/2009,27.370001
2009,8/28/2009,27.469999
2009,8/27/2009,27.5
2009,8/26/2009,27.450001
2009,8/25/2009,27.48
2009,8/24/2009,27.4
2009,8/21/2009,27.34
2009,8/20/2009,27.07
2009,8/19/2009,26.879999
2009,8/18/2009,26.73
2009,8/17/2009,26.57
2009,8/14/2009,26.940001
2009,8/13/2009,27.08
2009,8/12/2009,26.870001
2009,8/11/2009,26.700001
2009,8/10/2009,26.870001
2009,8/7/2009,26.9
2009,8/6/2009,26.76
2009,8/5/2009,26.85
2009,8/4/2009,26.940001
2009,8/3/2009,26.9
2009,7/31/2009,26.65
2009,7/30/2009,26.49
2009,7/29/2009,26.23
2009,7/28/2009,26.280001
2009,7/27/2009,26.360001
2009,7/24/2009,26.309999
2009,7/23/2009,26.23
2009,7/22/2009,25.9
2009,7/21/2009,25.950001
2009,7/20/2009,25.790001
2009,7/17/2009,25.540001
2009,7/16/2009,25.57
2009,7/15/2009,25.379999
2009,7/14/2009,24.969999
2009,7/13/2009,24.950001
2009,7/10/2009,24.57
2009,7/9/2009,24.620001
2009,7/8/2009,24.59
2009,7/7/2009,24.58
2009,7/6/2009,24.85
2009,7/2/2009,24.84
2009,7/1/2009,25.309999
2009,6/30/2009,25.209999
2009,6/29/2009,25.370001
2009,6/26/2009,25.190001
2009,6/25/2009,25.190001
2009,6/24/2009,25.049999
2009,6/23/2009,24.98
2009,6/22/2009,24.83
2009,6/19/2009,25.27
2009,6/18/2009,25.200001
2009,6/17/2009,25.120001
2009,6/16/2009,25.18
2009,6/15/2009,25.33
2009,6/12/2009,25.709999
2009,6/11/2009,25.68
2009,6/10/2009,25.48
2009,6/9/2009,25.52
2009,6/8/2009,25.43
2009,6/5/2009,25.440001
2009,6/4/2009,25.559999
2009,6/3/2009,25.42
2009,6/2/2009,25.709999
2009,6/1/2009,25.629999
2009,5/29/2009,25.32
2009,5/28/2009,25
2009,5/27/2009,24.67
2009,5/26/2009,25.02
2009,5/22/2009,24.639999
2009,5/21/2009,24.639999
2009,5/20/2009,24.92
2009,5/19/2009,24.9
2009,5/18/2009,24.93
2009,5/15/2009,24.48
2009,5/14/2009,24.68
2009,5/13/2009,24.52
2009,5/12/2009,24.9
2009,5/11/2009,24.84
2009,5/8/2009,25.15
2009,5/7/2009,24.639999
2009,5/6/2009,24.860001
2009,5/5/2009,24.450001
2009,5/4/2009,24.549999
2009,5/1/2009,23.99
2009,4/30/2009,23.82
2009,4/29/2009,23.799999
2009,4/28/2009,23.469999
2009,4/27/2009,23.52
2009,4/24/2009,23.639999
2009,4/23/2009,23.42
2009,4/22/2009,23.200001
2009,4/21/2009,23.360001
2009,4/20/2009,23.1
2009,4/17/2009,23.629999
2009,4/16/2009,23.629999
2009,4/15/2009,23.48
2009,4/14/2009,23.24
2009,4/13/2009,23.51
2009,4/9/2009,23.389999
2009,4/8/2009,22.93
2009,4/7/2009,22.77
2009,4/6/2009,23.059999
2009,4/3/2009,23.209999
2009,4/2/2009,23.139999
2009,4/1/2009,22.77
2009,3/31/2009,22.5
2009,3/30/2009,22.26
2009,3/27/2009,22.77
2009,3/26/2009,23.139999
2009,3/25/2009,23.07
2009,3/24/2009,22.959999
2009,3/23/2009,23.24
2009,3/20/2009,22.299999
2009,3/19/2009,22.57
2009,3/18/2009,22.76
2009,3/17/2009,22.280001
2009,3/16/2009,21.860001
2009,3/13/2009,21.870001
2009,3/12/2009,21.75
2009,3/11/2009,21.24
2009,3/10/2009,21.17
2009,3/9/2009,20.51
2009,3/6/2009,20.65
2009,3/5/2009,20.66
2009,3/4/2009,21.129999
2009,3/3/2009,20.879999
2009,3/2/2009,21.030001
2009,2/27/2009,21.610001
2009,2/26/2009,21.91
2009,2/25/2009,22.040001
2009,2/24/2009,22.26
2009,2/23/2009,21.76
2009,2/20/2009,22.24
2009,2/19/2009,22.440001
2009,2/18/2009,22.59
2009,2/17/2009,22.68
2009,2/13/2009,23.26
2009,2/12/2009,23.450001
2009,2/11/2009,23.469999
2009,2/10/2009,23.290001
2009,2/9/2009,23.9
2009,2/6/2009,23.860001
2009,2/5/2009,23.52
2009,2/4/2009,23.290001
2009,2/3/2009,23.370001
2009,2/2/2009,23.15
2009,1/30/2009,23.1
2009,1/29/2009,23.389999
2009,1/28/2009,23.98
2009,1/27/2009,23.530001
2009,1/26/2009,23.290001
2009,1/23/2009,23.129999
2009,1/22/2009,23.059999
2009,1/21/2009,23.280001
2009,1/20/2009,22.790001
2009,1/16/2009,23.68
2009,1/15/2009,23.6
2009,1/14/2009,23.58
2009,1/13/2009,24.01
2009,1/12/2009,24.02
2009,1/9/2009,24.35
2009,1/8/2009,24.610001
2009,1/7/2009,24.459999
2009,1/6/2009,24.84
2009,1/5/2009,24.68
2009,1/2/2009,24.82
2008,12/31/2008,24.43
2008,12/30/2008,24.27
2008,12/29/2008,23.870001
2008,12/26/2008,23.83
2008,12/24/2008,23.98
2008,12/23/2008,23.92
2008,12/22/2008,24.040001
2008,12/19/2008,24.299999
2008,12/18/2008,24.280001
2008,12/17/2008,24.530001
2008,12/16/2008,24.530001
2008,12/15/2008,23.67
2008,12/12/2008,23.74
2008,12/11/2008,23.639999
2008,12/10/2008,23.91
2008,12/9/2008,23.709999
2008,12/8/2008,23.959999
2008,12/5/2008,23.389999
2008,12/4/2008,23.01
2008,12/3/2008,23.389999
2008,12/2/2008,23.08
2008,12/1/2008,22.51
2008,11/28/2008,23.790001
2008,11/26/2008,23.59
2008,11/25/2008,23.15
2008,11/24/2008,22.879999
2008,11/21/2008,22.049999
2008,11/20/2008,21.35
2008,11/19/2008,22.219999
2008,11/18/2008,23.059999
2008,11/17/2008,22.870001
2008,11/14/2008,23.24
2008,11/13/2008,23.83
2008,11/12/2008,22.85
2008,11/11/2008,23.57
2008,11/10/2008,23.92
2008,11/7/2008,24
2008,11/6/2008,23.5
2008,11/5/2008,24.299999
2008,11/4/2008,25.07
2008,11/3/2008,24.309999
2008,10/31/2008,24.290001
2008,10/30/2008,24.08
2008,10/29/2008,23.700001
2008,10/28/2008,23.719999
2008,10/27/2008,22.290001
2008,10/24/2008,22.83
2008,10/23/2008,23.35
2008,10/22/2008,23.059999
2008,10/21/2008,24.01
2008,10/20/2008,24.51
2008,10/17/2008,23.75
2008,10/16/2008,23.889999
2008,10/15/2008,23.379999
2008,10/14/2008,24.950001
2008,10/13/2008,24.889999
2008,10/10/2008,23.190001
2008,10/9/2008,23.57
2008,10/8/2008,24.790001
2008,10/7/2008,25.139999
2008,10/6/2008,26.030001
2008,10/3/2008,26.66
2008,10/2/2008,26.9
2008,10/1/2008,27.610001
2008,9/30/2008,27.66
2008,9/29/2008,27.110001
2008,9/26/2008,28.5
2008,9/25/2008,28.57
2008,9/24/2008,28.5
2008,9/23/2008,28.549999
2008,9/22/2008,28.93
2008,9/19/2008,29.469999
2008,9/18/2008,28.690001
2008,9/17/2008,28.18
2008,9/16/2008,28.969999
2008,9/15/2008,28.879999
2008,9/12/2008,29.73
2008,9/11/2008,29.700001
2008,9/10/2008,29.530001
2008,9/9/2008,29.42
2008,9/8/2008,30
2008,9/5/2008,29.559999
2008,9/4/2008,29.549999
2008,9/3/2008,30.07
2008,9/2/2008,30.07
2008,8/29/2008,30.129999
2008,8/28/2008,30.360001
2008,8/27/2008,30.08
2008,8/26/2008,29.91
2008,8/25/2008,29.809999
2008,8/22/2008,30.110001
2008,8/21/2008,29.99
2008,8/20/2008,29.940001
2008,8/19/2008,29.790001
2008,8/18/2008,29.969999
2008,8/15/2008,30.17
2008,8/14/2008,30.08
2008,8/13/2008,30.049999
2008,8/12/2008,30.110001
2008,8/11/2008,30.27
2008,8/8/2008,30.18
2008,8/7/2008,29.85
2008,8/6/2008,30.07
2008,8/5/2008,30.049999
2008,8/4/2008,29.620001
2008,8/1/2008,29.790001
2008,7/31/2008,29.91
2008,7/30/2008,30.030001
2008,7/29/2008,29.719999
2008,7/28/2008,29.42
2008,7/25/2008,29.67
2008,7/24/2008,29.709999
2008,7/23/2008,30.059999
2008,7/22/2008,30.049999
2008,7/21/2008,29.85
2008,7/18/2008,29.82
2008,7/17/2008,29.74
2008,7/16/2008,29.58
2008,7/15/2008,29.370001
2008,7/14/2008,29.6
2008,7/11/2008,29.690001
2008,7/10/2008,30.02
2008,7/9/2008,29.82
2008,7/8/2008,30.15
2008,7/7/2008,29.84
2008,7/3/2008,29.99
2008,7/2/2008,29.98
2008,7/1/2008,30.32
2008,6/30/2008,30.309999
2008,6/27/2008,30.219999
2008,6/26/2008,30.26
2008,6/25/2008,31.030001
2008,6/24/2008,30.92
2008,6/23/2008,30.940001
2008,6/20/2008,30.91
2008,6/19/2008,31.27
2008,6/18/2008,31.309999
2008,6/17/2008,31.440001
2008,6/16/2008,31.5
2008,6/13/2008,31.459999
2008,6/12/2008,31.26
2008,6/11/2008,31.299999
2008,6/10/2008,31.559999
2008,6/9/2008,31.77
2008,6/6/2008,31.77
2008,6/5/2008,32.299999
2008,6/4/2008,31.9
2008,6/3/2008,32.009998
2008,6/2/2008,32.049999
2008,5/30/2008,32.209999
2008,5/29/2008,32.150002
2008,5/28/2008,32.130001
2008,5/27/2008,32.080002
2008,5/23/2008,32.060001
2008,5/22/2008,32.310001
2008,5/21/2008,32.310001
2008,5/20/2008,32.580002
2008,5/19/2008,32.66
2008,5/16/2008,32.610001
2008,5/15/2008,32.509998
2008,5/14/2008,32.25
2008,5/13/2008,32.150002
2008,5/12/2008,32.27
2008,5/9/2008,32.029999
2008,5/8/2008,32.169998
2008,5/7/2008,32.029999
2008,5/6/2008,32.349998
2008,5/5/2008,32.23
2008,5/2/2008,32.32
2008,5/1/2008,32.259998
2008,4/30/2008,31.92
2008,4/29/2008,31.889999
2008,4/28/2008,31.969999
2008,4/25/2008,31.959999
2008,4/24/2008,31.84
2008,4/23/2008,31.860001
2008,4/22/2008,31.85
2008,4/21/2008,32.009998
2008,4/18/2008,31.99
2008,4/17/2008,31.709999
2008,4/16/2008,31.74
2008,4/15/2008,31.34
2008,4/14/2008,31.309999
2008,4/11/2008,31.370001
2008,4/10/2008,31.68
2008,4/9/2008,31.639999
2008,4/8/2008,31.75
2008,4/7/2008,31.82
2008,4/4/2008,31.799999
2008,4/3/2008,31.700001
2008,4/2/2008,31.620001
2008,4/1/2008,31.629999
2008,3/31/2008,31.110001
2008,3/28/2008,30.98
2008,3/27/2008,31.09
2008,3/26/2008,31.469999
2008,3/25/2008,31.559999
2008,3/24/2008,31.440001
2008,3/20/2008,31.32
2008,3/19/2008,30.91
2008,3/18/2008,31.370001
2008,3/17/2008,30.719999
2008,3/14/2008,30.84
2008,3/13/2008,31.15
2008,3/12/2008,31.120001
2008,3/11/2008,31.17
2008,3/10/2008,30.6
2008,3/7/2008,30.85
2008,3/6/2008,31.02
2008,3/5/2008,31.389999
2008,3/4/2008,31.290001
2008,3/3/2008,31.459999
2008,2/29/2008,31.450001
2008,2/28/2008,31.879999
2008,2/27/2008,31.950001
2008,2/26/2008,31.93
2008,2/25/2008,31.73
2008,2/22/2008,31.5
2008,2/21/2008,31.32
2008,2/20/2008,31.43
2008,2/19/2008,31.360001
2008,2/15/2008,31.360001
2008,2/14/2008,31.299999
2008,2/13/2008,31.58
2008,2/12/2008,31.32
2008,2/11/2008,31.16
2008,2/8/2008,31.049999
2008,2/7/2008,31.08
2008,2/6/2008,31.059999
2008,2/5/2008,31.17
2008,2/4/2008,31.809999
2008,2/1/2008,31.98
2008,1/31/2008,31.690001
2008,1/30/2008,31.32
2008,1/29/2008,31.42
2008,1/28/2008,31.32
2008,1/25/2008,30.969999
2008,1/24/2008,31.27
2008,1/23/2008,31.110001
2008,1/22/2008,30.790001
2008,1/18/2008,31.01
2008,1/17/2008,31.139999
2008,1/16/2008,31.74
2008,1/15/2008,31.98
2008,1/14/2008,32.43
2008,1/11/2008,32.200001
2008,1/10/2008,32.419998
2008,1/9/2008,32.41
2008,1/8/2008,32.130001
2008,1/7/2008,32.369999
2008,1/4/2008,32.240002
2008,1/3/2008,32.619999
2008,1/2/2008,32.490002
2007,12/31/2007,32.619999
2007,12/28/2007,32.779999
2007,12/27/2007,32.630001
2007,12/26/2007,34.57
2007,12/24/2007,34.580002
2007,12/21/2007,34.459999
2007,12/20/2007,34.18
2007,12/19/2007,34.049999
2007,12/18/2007,34.09
2007,12/17/2007,33.91
2007,12/14/2007,34.189999
2007,12/13/2007,34.59
2007,12/12/2007,34.639999
2007,12/11/2007,34.5
2007,12/10/2007,34.900002
2007,12/7/2007,34.75
2007,12/6/2007,34.900002
2007,12/5/2007,34.689999
2007,12/4/2007,34.419998
2007,12/3/2007,34.52
2007,11/30/2007,34.560001
2007,11/29/2007,34.380001
2007,11/28/2007,34.330002
2007,11/27/2007,33.82
2007,11/26/2007,33.599998
2007,11/23/2007,33.939999
2007,11/21/2007,33.599998
2007,11/20/2007,33.91
2007,11/19/2007,33.720001
2007,11/16/2007,34.09
2007,11/15/2007,33.939999
2007,11/14/2007,34.130001
2007,11/13/2007,34.259998
2007,11/12/2007,33.740002
2007,11/9/2007,34.029999
2007,11/8/2007,34.299999
2007,11/7/2007,34.119999
2007,11/6/2007,34.66
2007,11/5/2007,34.419998
2007,11/2/2007,34.560001
2007,11/1/2007,34.470001
2007,10/31/2007,35.02
2007,10/30/2007,34.790001
2007,10/29/2007,34.98
2007,10/26/2007,34.84
2007,10/25/2007,34.560001
2007,10/24/2007,34.599998
2007,10/23/2007,34.619999
2007,10/22/2007,34.459999
2007,10/19/2007,34.48
2007,10/18/2007,34.970001
2007,10/17/2007,34.939999
2007,10/16/2007,34.849998
2007,10/15/2007,34.93
2007,10/12/2007,35.09
2007,10/11/2007,35
2007,10/10/2007,35.040001
2007,10/9/2007,35.09
2007,10/8/2007,34.889999
2007,10/5/2007,34.950001
2007,10/4/2007,34.860001
2007,10/3/2007,34.759998
2007,10/2/2007,34.93
2007,10/1/2007,34.990002
2007,9/28/2007,34.669998
2007,9/27/2007,34.700001
2007,9/26/2007,34.57
2007,9/25/2007,34.450001
2007,9/24/2007,34.470001
2007,9/21/2007,34.59
2007,9/20/2007,34.709999
2007,9/19/2007,34.869999
2007,9/18/2007,34.73
2007,9/17/2007,34.09
2007,9/14/2007,34.220001
2007,9/13/2007,34.200001
2007,9/12/2007,34.07
2007,9/11/2007,34.07
2007,9/10/2007,33.799999
2007,9/7/2007,33.77
2007,9/6/2007,34.040001
2007,9/5/2007,33.950001
2007,9/4/2007,34.110001
2007,8/31/2007,33.880001
2007,8/30/2007,33.630001
2007,8/29/2007,33.709999
2007,8/28/2007,33.259998
2007,8/27/2007,33.73
2007,8/24/2007,33.860001
2007,8/23/2007,33.599998
2007,8/22/2007,33.580002
2007,8/21/2007,33.279999
2007,8/20/2007,33.279999
2007,8/17/2007,33.259998
2007,8/16/2007,32.779999
2007,8/15/2007,32.740002
2007,8/14/2007,32.98
2007,8/13/2007,33.349998
2007,8/10/2007,33.349998
2007,8/9/2007,33.380001
2007,8/8/2007,34.009998
2007,8/7/2007,33.759998
2007,8/6/2007,33.599998
2007,8/3/2007,33.130001
2007,8/2/2007,33.619999
2007,8/1/2007,33.59
2007,7/31/2007,33.419998
2007,7/30/2007,33.59
2007,7/27/2007,33.369999
2007,7/26/2007,33.73
2007,7/25/2007,34.310001
2007,7/24/2007,34.209999
2007,7/23/2007,34.700001
2007,7/20/2007,34.529999
2007,7/19/2007,34.82
2007,7/18/2007,34.689999
2007,7/17/2007,34.639999
2007,7/16/2007,34.66
2007,7/13/2007,34.68
2007,7/12/2007,34.59
2007,7/11/2007,34.18
2007,7/10/2007,34.029999
2007,7/9/2007,34.279999
2007,7/6/2007,34.23
2007,7/5/2007,34.18
2007,7/3/2007,34.279999
2007,7/2/2007,34.23
2007,6/29/2007,33.919998
2007,6/28/2007,33.82
2007,6/27/2007,33.830002
2007,6/26/2007,33.619999
2007,6/25/2007,33.689999
2007,6/22/2007,33.709999
2007,6/21/2007,34.25
2007,6/20/2007,34.150002
2007,6/19/2007,34.48
2007,6/18/2007,34.369999
2007,6/15/2007,34.360001
2007,6/14/2007,34.119999
2007,6/13/2007,33.970001
2007,6/12/2007,33.619999
2007,6/11/2007,33.939999
2007,6/8/2007,33.91
2007,6/7/2007,33.689999
2007,6/6/2007,34.200001
2007,6/5/2007,34.43
2007,6/4/2007,34.610001
2007,6/1/2007,34.52
2007,5/31/2007,34.48
2007,5/30/2007,34.459999
2007,5/29/2007,34.279999
2007,5/25/2007,34.299999
2007,5/24/2007,34.139999
2007,5/23/2007,34.380001
2007,5/22/2007,34.41
2007,5/21/2007,34.490002
2007,5/18/2007,34.48
2007,5/17/2007,34.330002
2007,5/16/2007,34.360001
2007,5/15/2007,34.18
2007,5/14/2007,34.16
2007,5/11/2007,34.169998
2007,5/10/2007,33.939999
2007,5/9/2007,34.240002
2007,5/8/2007,34.169998
2007,5/7/2007,34.220001
2007,5/4/2007,34.110001
2007,5/3/2007,34.02
2007,5/2/2007,33.919998
2007,5/1/2007,33.77
2007,4/30/2007,33.709999
2007,4/27/2007,33.830002
2007,4/26/2007,33.810001
2007,4/25/2007,33.889999
2007,4/24/2007,33.619999
2007,4/23/2007,33.599998
2007,4/20/2007,33.650002
2007,4/19/2007,33.439999
2007,4/18/2007,33.490002
2007,4/17/2007,33.459999
2007,4/16/2007,33.389999
2007,4/13/2007,33.139999
2007,4/12/2007,33.060001
2007,4/11/2007,32.919998
2007,4/10/2007,33.040001
2007,4/9/2007,32.939999
2007,4/5/2007,32.950001
2007,4/4/2007,32.880001
2007,4/3/2007,32.849998
2007,4/2/2007,32.689999
2007,3/30/2007,32.59
2007,3/29/2007,32.630001
2007,3/28/2007,32.5
2007,3/27/2007,32.630001
2007,3/26/2007,32.759998
2007,3/23/2007,32.689999
2007,3/22/2007,32.889999
2007,3/21/2007,32.919998
2007,3/20/2007,32.57
2007,3/19/2007,32.41
2007,3/16/2007,32.18
2007,3/15/2007,32.259998
2007,3/14/2007,32.200001
2007,3/13/2007,32.119999
2007,3/12/2007,32.5
2007,3/9/2007,32.419998
2007,3/8/2007,32.419998
2007,3/7/2007,32.299999
2007,3/6/2007,32.310001
2007,3/5/2007,31.99
2007,3/2/2007,32.200001
2007,3/1/2007,32.419998
2007,2/28/2007,32.5
2007,2/27/2007,32.450001
2007,2/26/2007,33.130001
2007,2/23/2007,33.040001
2007,2/22/2007,33
2007,2/21/2007,33.040001
2007,2/20/2007,33.099998
2007,2/16/2007,33.07
2007,2/15/2007,33.07
2007,2/14/2007,33.060001
2007,2/13/2007,32.84
2007,2/12/2007,32.630001
2007,2/9/2007,32.700001
2007,2/8/2007,32.84
2007,2/7/2007,32.869999
2007,2/6/2007,32.880001
2007,2/5/2007,32.82
2007,2/2/2007,32.82
2007,2/1/2007,32.799999
2007,1/31/2007,32.66
2007,1/30/2007,32.470001
2007,1/29/2007,32.310001
2007,1/26/2007,32.34
2007,1/25/2007,32.380001
2007,1/24/2007,32.689999
2007,1/23/2007,32.560001
2007,1/22/2007,32.439999
2007,1/19/2007,32.540001
2007,1/18/2007,32.48
2007,1/17/2007,32.48
2007,1/16/2007,32.450001
2007,1/12/2007,32.419998
2007,1/11/2007,32.290001
2007,1/10/2007,32.209999
2007,1/9/2007,32.240002
2007,1/8/2007,32.259998
2007,1/5/2007,32.200001
2007,1/4/2007,32.389999
2007,1/3/2007,32.41
2006,12/29/2006,32.43
2006,12/28/2006,32.52
2006,12/27/2006,32.560001
2006,12/26/2006,32.419998
2006,12/22/2006,33.950001
2006,12/21/2006,34.119999
2006,12/20/2006,34.150002
2006,12/19/2006,34.18
2006,12/18/2006,34.130001
2006,12/15/2006,34.240002
2006,12/14/2006,34.23
2006,12/13/2006,34.049999
2006,12/12/2006,34.049999
2006,12/11/2006,34.029999
2006,12/8/2006,33.93
2006,12/7/2006,33.970001
2006,12/6/2006,34
2006,12/5/2006,34.060001
2006,12/4/2006,33.939999
2006,12/1/2006,33.709999
2006,11/30/2006,33.759998
2006,11/29/2006,33.709999
2006,11/28/2006,33.490002
2006,11/27/2006,33.389999
2006,11/24/2006,33.630001
2006,11/22/2006,33.669998
2006,11/21/2006,33.610001
2006,11/20/2006,33.5
2006,11/17/2006,33.5
2006,11/16/2006,33.43
2006,11/15/2006,33.439999
2006,11/14/2006,33.450001
2006,11/13/2006,33.330002
2006,11/10/2006,33.32
2006,11/9/2006,33.299999
2006,11/8/2006,33.389999
2006,11/7/2006,33.310001
2006,11/6/2006,33.259998
2006,11/3/2006,33.029999
2006,11/2/2006,33.119999
2006,11/1/2006,33.119999
2006,10/31/2006,33.18
2006,10/30/2006,33.130001
2006,10/27/2006,33.16
2006,10/26/2006,33.259998
2006,10/25/2006,33.139999
2006,10/24/2006,33
2006,10/23/2006,32.959999
2006,10/20/2006,32.869999
2006,10/19/2006,32.830002
2006,10/18/2006,32.790001
2006,10/17/2006,32.75
2006,10/16/2006,32.810001
2006,10/13/2006,32.709999
2006,10/12/2006,32.669998
2006,10/11/2006,32.48
2006,10/10/2006,32.560001
2006,10/9/2006,32.529999
2006,10/6/2006,32.5
2006,10/5/2006,32.580002
2006,10/4/2006,32.549999
2006,10/3/2006,32.299999
2006,10/2/2006,32.299999
2006,9/29/2006,32.34
2006,9/28/2006,32.380001
2006,9/27/2006,32.349998
2006,9/26/2006,32.310001
2006,9/25/2006,32.169998
2006,9/22/2006,31.98
2006,9/21/2006,32.220001
2006,9/20/2006,32.220001
2006,9/19/2006,32.130001
2006,9/18/2006,32.16
2006,9/15/2006,32.130001
2006,9/14/2006,32.09
2006,9/13/2006,32.16
2006,9/12/2006,32.060001
2006,9/11/2006,31.879999
2006,9/8/2006,31.99
2006,9/7/2006,31.93
2006,9/6/2006,32.009998
2006,9/5/2006,32.240002
2006,9/1/2006,32.27
2006,8/31/2006,32.130001
2006,8/30/2006,32.099998
2006,8/29/2006,32.09
2006,8/28/2006,32.040001
2006,8/25/2006,31.93
2006,8/24/2006,31.92
2006,8/23/2006,31.9
2006,8/22/2006,31.969999
2006,8/21/2006,31.93
2006,8/18/2006,31.950001
2006,8/17/2006,31.83
2006,8/16/2006,31.809999
2006,8/15/2006,31.65
2006,8/14/2006,31.33
2006,8/11/2006,31.33
2006,8/10/2006,31.440001
2006,8/9/2006,31.389999
2006,8/8/2006,31.450001
2006,8/7/2006,31.51
2006,8/4/2006,31.610001
2006,8/3/2006,31.58
2006,8/2/2006,31.58
2006,8/1/2006,31.43
2006,7/31/2006,31.52
2006,7/28/2006,31.540001
2006,7/27/2006,31.27
2006,7/26/2006,31.299999
2006,7/25/2006,31.219999
2006,7/24/2006,31.1
2006,7/21/2006,30.77
2006,7/20/2006,30.889999
2006,7/19/2006,31
2006,7/18/2006,30.59
2006,7/17/2006,30.58
2006,7/14/2006,30.66
2006,7/13/2006,30.709999
2006,7/12/2006,30.98
2006,7/11/2006,31.16
2006,7/10/2006,31.07
2006,7/7/2006,31.030001
2006,7/6/2006,31.09
2006,7/5/2006,31
2006,7/3/2006,31.17
2006,6/30/2006,31.01
2006,6/29/2006,30.940001
2006,6/28/2006,30.48
2006,6/27/2006,30.379999
2006,6/26/2006,30.52
2006,6/23/2006,30.440001
2006,6/22/2006,30.709999
2006,6/21/2006,30.809999
2006,6/20/2006,30.610001
2006,6/19/2006,30.58
2006,6/16/2006,30.780001
2006,6/15/2006,30.9
2006,6/14/2006,30.49
2006,6/13/2006,30.389999
2006,6/12/2006,30.629999
2006,6/9/2006,30.870001
2006,6/8/2006,30.92
2006,6/7/2006,30.950001
2006,6/6/2006,31.1
2006,6/5/2006,31.18
2006,6/2/2006,31.540001
2006,6/1/2006,31.42
2006,5/31/2006,31.219999
2006,5/30/2006,31.049999
2006,5/26/2006,31.370001
2006,5/25/2006,31.209999
2006,5/24/2006,30.93
2006,5/23/2006,30.959999
2006,5/22/2006,31.030001
2006,5/19/2006,31.110001
2006,5/18/2006,31.01
2006,5/17/2006,31.120001
2006,5/16/2006,31.58
2006,5/15/2006,31.530001
2006,5/12/2006,31.530001
2006,5/11/2006,31.809999
2006,5/10/2006,32.060001
2006,5/9/2006,32.080002
2006,5/8/2006,32.02
2006,5/5/2006,32.040001
2006,5/4/2006,31.77
2006,5/3/2006,31.700001
2006,5/2/2006,31.799999
2006,5/1/2006,31.58
2006,4/28/2006,31.65
2006,4/27/2006,31.610001
2006,4/26/2006,31.549999
2006,4/25/2006,31.51
2006,4/24/2006,31.65
2006,4/21/2006,31.65
2006,4/20/2006,31.549999
2006,4/19/2006,31.559999
2006,4/18/2006,31.530001
2006,4/17/2006,31.09
2006,4/13/2006,31.040001
2006,4/12/2006,31.059999
2006,4/11/2006,31.059999
2006,4/10/2006,31.139999
2006,4/7/2006,31.09
2006,4/6/2006,31.33
2006,4/5/2006,31.41
2006,4/4/2006,31.309999
2006,4/3/2006,31.16
2006,3/31/2006,31.049999
2006,3/30/2006,31.15
2006,3/29/2006,31.17
2006,3/28/2006,31.030001
2006,3/27/2006,31.23
2006,3/24/2006,31.290001
2006,3/23/2006,31.4
2006,3/22/2006,31.469999
2006,3/21/2006,31.309999
2006,3/20/2006,31.49
2006,3/17/2006,31.52
2006,3/16/2006,31.559999
2006,3/15/2006,31.450001
2006,3/14/2006,31.33
2006,3/13/2006,31.09
2006,3/10/2006,31
2006,3/9/2006,30.85
2006,3/8/2006,30.91
2006,3/7/2006,30.879999
2006,3/6/2006,30.959999
2006,3/3/2006,31.15
2006,3/2/2006,31.18
2006,3/1/2006,31.209999
2006,2/28/2006,31.07
2006,2/27/2006,31.24
2006,2/24/2006,31.18
2006,2/23/2006,31.17
2006,2/22/2006,31.280001
2006,2/21/2006,31.17
2006,2/17/2006,31.190001
2006,2/16/2006,31.15
2006,2/15/2006,31
2006,2/14/2006,30.950001
2006,2/13/2006,30.76
2006,2/10/2006,30.83
2006,2/9/2006,30.809999
2006,2/8/2006,30.799999
2006,2/7/2006,30.709999
2006,2/6/2006,30.91
2006,2/3/2006,30.82
2006,2/2/2006,30.9
2006,2/1/2006,31.129999
2006,1/31/2006,31.129999
2006,1/30/2006,31.18
2006,1/27/2006,31.18
2006,1/26/2006,31.030001
2006,1/25/2006,30.879999
2006,1/24/2006,30.879999
2006,1/23/2006,30.870001
2006,1/20/2006,30.76
2006,1/19/2006,31.049999
2006,1/18/2006,30.9
2006,1/17/2006,30.959999
2006,1/13/2006,30.959999
2006,1/12/2006,30.879999
2006,1/11/2006,30.959999
2006,1/10/2006,30.92
2006,1/9/2006,30.98
2006,1/6/2006,30.940001
2006,1/5/2006,30.719999
2006,1/4/2006,30.77
2006,1/3/2006,30.690001
2005,12/30/2005,30.35
2005,12/29/2005,30.459999
2005,12/28/2005,30.49
2005,12/27/2005,31.700001
2005,12/23/2005,31.870001
2005,12/22/2005,31.809999
2005,12/21/2005,31.690001
2005,12/20/2005,31.629999
2005,12/19/2005,31.67
2005,12/16/2005,31.75
2005,12/15/2005,31.75
2005,12/14/2005,31.84
2005,12/13/2005,31.75
2005,12/12/2005,31.6
2005,12/9/2005,31.59
2005,12/8/2005,31.59
2005,12/7/2005,31.530001
2005,12/6/2005,31.68
2005,12/5/2005,31.59
2005,12/2/2005,31.66
2005,12/1/2005,31.620001
2005,11/30/2005,31.34
2005,11/29/2005,31.49
2005,11/28/2005,31.48
2005,11/25/2005,31.6
2005,11/23/2005,31.549999
2005,11/22/2005,31.5
2005,11/21/2005,31.389999
2005,11/18/2005,31.26
2005,11/17/2005,31.190001
2005,11/16/2005,30.969999
2005,11/15/2005,30.9
2005,11/14/2005,30.93
2005,11/11/2005,31
2005,11/10/2005,30.940001
2005,11/9/2005,30.83
2005,11/8/2005,30.860001
2005,11/7/2005,30.83
2005,11/4/2005,30.790001
2005,11/3/2005,30.860001
2005,11/2/2005,30.809999
2005,11/1/2005,30.59
2005,10/31/2005,30.629999
2005,10/28/2005,30.51
2005,10/27/2005,30.219999
2005,10/26/2005,30.379999
2005,10/25/2005,30.49
2005,10/24/2005,30.51
2005,10/21/2005,30.18
2005,10/20/2005,30.129999
2005,10/19/2005,30.49
2005,10/18/2005,30.17
2005,10/17/2005,30.389999
2005,10/14/2005,30.34
2005,10/13/2005,30.18
2005,10/12/2005,30.299999
2005,10/11/2005,30.49
2005,10/10/2005,30.51
2005,10/7/2005,30.65
2005,10/6/2005,30.530001
2005,10/5/2005,30.629999
2005,10/4/2005,30.950001
2005,10/3/2005,31.139999
2005,9/30/2005,31.190001
2005,9/29/2005,31.209999
2005,9/28/2005,31.07
2005,9/27/2005,30.950001
2005,9/26/2005,30.969999
2005,9/23/2005,30.940001
2005,9/22/2005,31.190001
2005,9/21/2005,31.129999
2005,9/20/2005,31.23
2005,9/19/2005,31.360001
2005,9/16/2005,31.42
2005,9/15/2005,31.24
2005,9/14/2005,31.23
2005,9/13/2005,31.24
2005,9/12/2005,31.360001
2005,9/9/2005,31.41
2005,9/8/2005,31.209999
2005,9/7/2005,31.299999
2005,9/6/2005,31.32
2005,9/2/2005,31.129999
2005,9/1/2005,31.200001
2005,8/31/2005,31.07
2005,8/30/2005,30.809999
2005,8/29/2005,30.799999
2005,8/26/2005,30.690001
2005,8/25/2005,30.82
2005,8/24/2005,30.73
2005,8/23/2005,30.84
2005,8/22/2005,30.91
2005,8/19/2005,30.83
2005,8/18/2005,30.75
2005,8/17/2005,30.790001
2005,8/16/2005,30.870001
2005,8/15/2005,31.09
2005,8/12/2005,31.07
2005,8/11/2005,31.139999
2005,8/10/2005,30.950001
2005,8/9/2005,30.91
2005,8/8/2005,30.74
2005,8/5/2005,30.75
2005,8/4/2005,30.93
2005,8/3/2005,31.059999
2005,8/2/2005,30.98
2005,8/1/2005,30.809999
2005,7/29/2005,30.799999
2005,7/28/2005,30.92
2005,7/27/2005,30.74
2005,7/26/2005,30.639999
2005,7/25/2005,30.639999
2005,7/22/2005,30.690001
2005,7/21/2005,30.559999
2005,7/20/2005,30.73
2005,7/19/2005,30.57
2005,7/18/2005,30.42
2005,7/15/2005,30.540001
2005,7/14/2005,30.530001
2005,7/13/2005,30.530001
2005,7/12/2005,30.540001
2005,7/11/2005,30.52
2005,7/8/2005,30.4
2005,7/7/2005,30.200001
2005,7/6/2005,30.16
2005,7/5/2005,30.280001
2005,7/1/2005,30.18
2005,6/30/2005,30.129999
2005,6/29/2005,30.24
2005,6/28/2005,30.309999
2005,6/27/2005,30.18
2005,6/24/2005,30.15
2005,6/23/2005,30.49
2005,6/22/2005,30.719999
2005,6/21/2005,30.639999
2005,6/20/2005,30.67
2005,6/17/2005,30.66
2005,6/16/2005,30.52
2005,6/15/2005,30.4
2005,6/14/2005,30.360001
2005,6/13/2005,30.34
2005,6/10/2005,30.32
2005,6/9/2005,30.360001
2005,6/8/2005,30.299999
2005,6/7/2005,30.34
2005,6/6/2005,30.290001
2005,6/3/2005,30.25
2005,6/2/2005,30.370001
2005,6/1/2005,30.360001
2005,5/31/2005,30.129999
2005,5/27/2005,30.219999
2005,5/26/2005,30.16
2005,5/25/2005,30.07
2005,5/24/2005,30.129999
2005,5/23/2005,30.129999
2005,5/20/2005,30.01
2005,5/19/2005,30.07
2005,5/18/2005,30.02
2005,5/17/2005,29.75
2005,5/16/2005,29.6
2005,5/13/2005,29.450001
2005,5/12/2005,29.59
2005,5/11/2005,29.83
2005,5/10/2005,29.75
2005,5/9/2005,29.93
2005,5/6/2005,29.84
2005,5/5/2005,29.91
2005,5/4/2005,29.950001
2005,5/3/2005,29.709999
2005,5/2/2005,29.76
2005,4/29/2005,29.639999
2005,4/28/2005,29.41
2005,4/27/2005,29.549999
2005,4/26/2005,29.5
2005,4/25/2005,29.690001
2005,4/22/2005,29.549999
2005,4/21/2005,29.59
2005,4/20/2005,29.299999
2005,4/19/2005,29.58
2005,4/18/2005,29.389999
2005,4/15/2005,29.309999
2005,4/14/2005,29.59
2005,4/13/2005,29.809999
2005,4/12/2005,30.040001
2005,4/11/2005,29.959999
2005,4/8/2005,29.9
2005,4/7/2005,30.08
2005,4/6/2005,29.98
2005,4/5/2005,29.870001
2005,4/4/2005,29.799999
2005,4/1/2005,29.77
2005,3/31/2005,29.83
2005,3/30/2005,29.77
2005,3/29/2005,29.5
2005,3/28/2005,29.66
2005,3/24/2005,29.690001
2005,3/23/2005,29.68
2005,3/22/2005,29.950001
2005,3/21/2005,30.18
2005,3/18/2005,30.309999
2005,3/17/2005,30.34
2005,3/16/2005,30.26
2005,3/15/2005,30.4
2005,3/14/2005,30.57
2005,3/11/2005,30.469999
2005,3/10/2005,30.59
2005,3/9/2005,30.549999
2005,3/8/2005,30.82
2005,3/7/2005,30.9
2005,3/4/2005,30.9
2005,3/3/2005,30.620001
2005,3/2/2005,30.59
2005,3/1/2005,30.58
2005,2/28/2005,30.5
2005,2/25/2005,30.65
2005,2/24/2005,30.42
2005,2/23/2005,30.27
2005,2/22/2005,30.120001
2005,2/18/2005,30.35
2005,2/17/2005,30.33
2005,2/16/2005,30.459999
2005,2/15/2005,30.450001
2005,2/14/2005,30.440001
2005,2/11/2005,30.4
2005,2/10/2005,30.27
2005,2/9/2005,30.190001
2005,2/8/2005,30.309999
2005,2/7/2005,30.290001
2005,2/4/2005,30.290001
2005,2/3/2005,30.030001
2005,2/2/2005,30.059999
2005,2/1/2005,29.969999
2005,1/31/2005,29.809999
2005,1/28/2005,29.65
2005,1/27/2005,29.66
2005,1/26/2005,29.65
2005,1/25/2005,29.540001
2005,1/24/2005,29.49
2005,1/21/2005,29.51
2005,1/20/2005,29.559999
2005,1/19/2005,29.67
2005,1/18/2005,29.82
2005,1/14/2005,29.690001
2005,1/13/2005,29.610001
2005,1/12/2005,29.73
2005,1/11/2005,29.639999
2005,1/10/2005,29.73
2005,1/7/2005,29.67
2005,1/6/2005,29.700001
2005,1/5/2005,29.610001
2005,1/4/2005,29.709999
2005,1/3/2005,29.98
2004,12/31/2004,30.190001
2004,12/30/2004,30.190001
2004,12/29/2004,30.139999
2004,12/28/2004,30.129999
2004,12/27/2004,29.99
2004,12/23/2004,30.1
2004,12/22/2004,31.25
2004,12/21/2004,31.200001
2004,12/20/2004,31.02
2004,12/17/2004,30.959999
2004,12/16/2004,31.07
2004,12/15/2004,31.18
2004,12/14/2004,31.059999
2004,12/13/2004,30.959999
2004,12/10/2004,30.74
2004,12/9/2004,30.780001
2004,12/8/2004,30.690001
2004,12/7/2004,30.6
2004,12/6/2004,30.790001
2004,12/3/2004,30.780001
2004,12/2/2004,30.700001
2004,12/1/2004,30.790001
2004,11/30/2004,30.540001
2004,11/29/2004,30.610001
2004,11/26/2004,30.690001
2004,11/24/2004,30.639999
2004,11/23/2004,30.540001
2004,11/22/2004,30.549999
2004,11/19/2004,30.41
2004,11/18/2004,30.59
2004,11/17/2004,30.58
2004,11/16/2004,30.440001
2004,11/15/2004,30.559999
2004,11/12/2004,30.620001
2004,11/11/2004,30.469999
2004,11/10/2004,30.299999
2004,11/9/2004,30.299999
2004,11/8/2004,30.280001
2004,11/5/2004,30.32
2004,11/4/2004,30.309999
2004,11/3/2004,29.99
2004,11/2/2004,29.719999
2004,11/1/2004,29.77
2004,10/29/2004,29.75
2004,10/28/2004,29.639999
2004,10/27/2004,29.639999
2004,10/26/2004,29.48
2004,10/25/2004,29.24
2004,10/22/2004,29.190001
2004,10/21/2004,29.27
2004,10/20/2004,29.219999
2004,10/19/2004,29.190001
2004,10/18/2004,29.32
2004,10/15/2004,29.309999
2004,10/14/2004,29.25
2004,10/13/2004,29.389999
2004,10/12/2004,29.58
2004,10/11/2004,29.629999
2004,10/8/2004,29.629999
2004,10/7/2004,29.639999
2004,10/6/2004,29.85
2004,10/5/2004,29.719999
2004,10/4/2004,29.719999
2004,10/1/2004,29.67
2004,9/30/2004,29.440001
2004,9/29/2004,29.389999
2004,9/28/2004,29.35
2004,9/27/2004,29.219999
2004,9/24/2004,29.290001
2004,9/23/2004,29.440001
2004,9/22/2004,29.549999
2004,9/21/2004,29.77
2004,9/20/2004,29.610001
2004,9/17/2004,29.68
2004,9/16/2004,29.6
2004,9/15/2004,29.469999
2004,9/14/2004,29.59
2004,9/13/2004,29.540001
2004,9/10/2004,29.52
2004,9/9/2004,29.469999
2004,9/8/2004,29.450001
2004,9/7/2004,29.469999
2004,9/3/2004,29.34
2004,9/2/2004,29.43
2004,9/1/2004,29.25
2004,8/31/2004,29.209999
2004,8/30/2004,29.049999
2004,8/27/2004,29.15
2004,8/26/2004,29.09
2004,8/25/2004,29.049999
2004,8/24/2004,28.9
2004,8/23/2004,28.879999
2004,8/20/2004,28.99
2004,8/19/2004,28.85
2004,8/18/2004,28.91
2004,8/17/2004,28.709999
2004,8/16/2004,28.690001
2004,8/13/2004,28.450001
2004,8/12/2004,28.41
2004,8/11/2004,28.59
2004,8/10/2004,28.6
2004,8/9/2004,28.4
2004,8/6/2004,28.389999
2004,8/5/2004,28.540001
2004,8/4/2004,28.799999
2004,8/3/2004,28.83
2004,8/2/2004,28.870001
2004,7/30/2004,28.790001
2004,7/29/2004,28.74
2004,7/28/2004,28.67
2004,7/27/2004,28.57
2004,7/26/2004,28.48
2004,7/23/2004,28.5
2004,7/22/2004,28.610001
2004,7/21/2004,28.620001
2004,7/20/2004,28.860001
2004,7/19/2004,28.83
2004,7/16/2004,28.82
2004,7/15/2004,28.799999
2004,7/14/2004,28.870001
2004,7/13/2004,28.860001
2004,7/12/2004,28.879999
2004,7/9/2004,28.860001
2004,7/8/2004,28.809999
2004,7/7/2004,28.9
2004,7/6/2004,28.85
2004,7/2/2004,28.969999
2004,7/1/2004,28.969999
2004,6/30/2004,29.17
2004,6/29/2004,29.030001
2004,6/28/2004,28.959999
2004,6/25/2004,29.01
2004,6/24/2004,29.309999
2004,6/23/2004,29.32
2004,6/22/2004,29.139999
2004,6/21/2004,29.110001
2004,6/18/2004,29.16
2004,6/17/2004,29.09
2004,6/16/2004,29.030001
2004,6/15/2004,28.98
2004,6/14/2004,28.77
2004,6/10/2004,29.02
2004,6/9/2004,28.91
2004,6/8/2004,29.120001
2004,6/7/2004,29.110001
2004,6/4/2004,28.799999
2004,6/3/2004,28.690001
2004,6/2/2004,28.83
2004,6/1/2004,28.76
2004,5/28/2004,28.76
2004,5/27/2004,28.82
2004,5/26/2004,28.639999
2004,5/25/2004,28.629999
2004,5/24/2004,28.360001
2004,5/21/2004,28.290001
2004,5/20/2004,28.209999
2004,5/19/2004,28.200001
2004,5/18/2004,28.24
2004,5/17/2004,28.17
2004,5/14/2004,28.34
2004,5/13/2004,28.280001
2004,5/12/2004,28.309999
2004,5/11/2004,28.27
2004,5/10/2004,28.139999
2004,5/7/2004,28.42
2004,5/6/2004,28.82
2004,5/5/2004,28.969999
2004,5/4/2004,28.950001
2004,5/3/2004,28.91
2004,4/30/2004,28.75
2004,4/29/2004,28.780001
2004,4/28/2004,28.93
2004,4/27/2004,29.219999
2004,4/26/2004,29.15
2004,4/23/2004,29.209999
2004,4/22/2004,29.27
2004,4/21/2004,28.950001
2004,4/20/2004,29.17
2004,4/19/2004,29.17
2004,4/16/2004,29.200001
2004,4/15/2004,29.07
2004,4/14/2004,29.01
2004,4/13/2004,29.07
2004,4/12/2004,29.370001
2004,4/8/2004,29.27
2004,4/7/2004,29.34
2004,4/6/2004,29.459999
2004,4/5/2004,29.459999
2004,4/2/2004,29.379999
2004,4/1/2004,29.360001
2004,3/31/2004,29.26
2004,3/30/2004,29.209999
2004,3/29/2004,29.129999
2004,3/26/2004,28.91
2004,3/25/2004,29.120001
2004,3/24/2004,28.889999
2004,3/23/2004,28.99
2004,3/22/2004,28.99
2004,3/19/2004,29.23
2004,3/18/2004,29.41
2004,3/17/2004,29.450001
2004,3/16/2004,29.24
2004,3/15/2004,29.09
2004,3/12/2004,29.370001
2004,3/11/2004,29.17
2004,3/10/2004,29.440001
2004,3/9/2004,29.77
2004,3/8/2004,29.870001
2004,3/5/2004,29.93
2004,3/4/2004,29.74
2004,3/3/2004,29.690001
2004,3/2/2004,29.67
2004,3/1/2004,29.790001
2004,2/27/2004,29.610001
2004,2/26/2004,29.530001
2004,2/25/2004,29.51
2004,2/24/2004,29.42
2004,2/23/2004,29.43
2004,2/20/2004,29.42
2004,2/19/2004,29.530001
2004,2/18/2004,29.549999
2004,2/17/2004,29.639999
2004,2/13/2004,29.48
2004,2/12/2004,29.52
2004,2/11/2004,29.629999
2004,2/10/2004,29.379999
2004,2/9/2004,29.27
2004,2/6/2004,29.23
2004,2/5/2004,29
2004,2/4/2004,28.950001
2004,2/3/2004,29.08
2004,2/2/2004,29.049999
2004,1/30/2004,29.02
2004,1/29/2004,29
2004,1/28/2004,28.98
2004,1/27/2004,29.27
2004,1/26/2004,29.4
2004,1/23/2004,29.25
2004,1/22/2004,29.4
2004,1/21/2004,29.4
2004,1/20/2004,29.26
2004,1/16/2004,29.23
2004,1/15/2004,29.200001
2004,1/14/2004,29.190001
2004,1/13/2004,29.02
2004,1/12/2004,29.09
2004,1/9/2004,29.01
2004,1/8/2004,29.129999
2004,1/7/2004,29.01
2004,1/6/2004,29.040001
2004,1/5/2004,29.01
2004,1/2/2004,28.77
2003,12/31/2003,28.809999
2003,12/30/2003,28.77
2003,12/29/2003,28.780001
2003,12/26/2003,28.57
2003,12/24/2003,28.52
2003,12/23/2003,28.49
2003,12/22/2003,28.540001
2003,12/19/2003,28.440001
2003,12/18/2003,28.65
2003,12/17/2003,28.42
2003,12/16/2003,28.389999
2003,12/15/2003,28.25
2003,12/12/2003,28.34
2003,12/11/2003,28.26
2003,12/10/2003,28.049999
2003,12/9/2003,28.09
2003,12/8/2003,28.18
2003,12/5/2003,28.059999
2003,12/4/2003,28.07
2003,12/3/2003,27.940001
2003,12/2/2003,27.91
2003,12/1/2003,27.9
2003,11/28/2003,27.690001
2003,11/26/2003,27.690001
2003,11/25/2003,27.610001
2003,11/24/2003,27.540001
2003,11/21/2003,27.35
2003,11/20/2003,27.309999
2003,11/19/2003,27.41
2003,11/18/2003,27.35
2003,11/17/2003,27.51
2003,11/14/2003,27.59
2003,11/13/2003,27.629999
2003,11/12/2003,27.51
2003,11/11/2003,27.290001
2003,11/10/2003,27.32
2003,11/7/2003,27.42
2003,11/6/2003,27.440001
2003,11/5/2003,27.379999
2003,11/4/2003,27.440001
2003,11/3/2003,27.48
2003,10/31/2003,27.370001
2003,10/30/2003,27.34
2003,10/29/2003,27.32
2003,10/28/2003,27.309999
2003,10/27/2003,27.059999
2003,10/24/2003,27.049999
2003,10/23/2003,27.07
2003,10/22/2003,26.99
2003,10/21/2003,27.16
2003,10/20/2003,27.16
2003,10/17/2003,27.09
2003,10/16/2003,27.190001
2003,10/15/2003,27.200001
2003,10/14/2003,27.26
2003,10/13/2003,27.219999
2003,10/10/2003,27.08
2003,10/9/2003,27.049999
2003,10/8/2003,27
2003,10/7/2003,27.040001
2003,10/6/2003,27.030001
2003,10/3/2003,26.93
2003,10/2/2003,26.860001
2003,10/1/2003,26.85
2003,9/30/2003,26.51
2003,9/29/2003,26.58
2003,9/26/2003,26.440001
2003,9/25/2003,26.690001
2003,9/24/2003,26.799999
2003,9/23/2003,27.01
2003,9/22/2003,26.93
2003,9/19/2003,27.17
2003,9/18/2003,27.219999
2003,9/17/2003,26.99
2003,9/16/2003,27.02
2003,9/15/2003,26.83
2003,9/12/2003,26.91
2003,9/11/2003,26.799999
2003,9/10/2003,26.77
2003,9/9/2003,26.9
2003,9/8/2003,26.99
2003,9/5/2003,26.85
2003,9/4/2003,26.870001
2003,9/3/2003,26.84
2003,9/2/2003,26.790001
2003,8/29/2003,26.629999
2003,8/28/2003,26.540001
2003,8/27/2003,26.35
2003,8/26/2003,26.370001
2003,8/25/2003,26.299999
2003,8/22/2003,26.34
2003,8/21/2003,26.530001
2003,8/20/2003,26.51
2003,8/19/2003,26.57
2003,8/18/2003,26.5
2003,8/15/2003,26.370001
2003,8/14/2003,26.33
2003,8/13/2003,26.219999
2003,8/12/2003,26.370001
2003,8/11/2003,26.23
2003,8/8/2003,26.200001
2003,8/7/2003,26.07
2003,8/6/2003,25.91
2003,8/5/2003,25.790001
2003,8/4/2003,26.07
2003,8/1/2003,25.99
2003,7/31/2003,26.120001
2003,7/30/2003,26.15
2003,7/29/2003,26.129999
2003,7/28/2003,26.32
2003,7/25/2003,26.4
2003,7/24/2003,26.15
2003,7/23/2003,26.23
2003,7/22/2003,26.209999
2003,7/21/2003,26.030001
2003,7/18/2003,26.309999
2003,7/17/2003,26.07
2003,7/16/2003,26.200001
2003,7/15/2003,26.309999
2003,7/14/2003,26.5
2003,7/11/2003,26.459999
2003,7/10/2003,26.299999
2003,7/9/2003,26.559999
2003,7/8/2003,26.66
2003,7/7/2003,26.639999
2003,7/3/2003,26.43
2003,7/2/2003,26.6
2003,7/1/2003,26.389999
2003,6/30/2003,26.34
2003,6/27/2003,26.32
2003,6/26/2003,26.5
2003,6/25/2003,26.41
2003,6/24/2003,26.57
2003,6/23/2003,26.530001
2003,6/20/2003,26.75
2003,6/19/2003,26.940001
2003,6/18/2003,27.17
2003,6/17/2003,27.24
2003,6/16/2003,27.290001
2003,6/13/2003,26.959999
2003,6/12/2003,27.129999
2003,6/11/2003,27.07
2003,6/10/2003,26.809999
2003,6/9/2003,26.620001
2003,6/6/2003,26.83
2003,6/5/2003,26.85
2003,6/4/2003,26.790001
2003,6/3/2003,26.51
2003,6/2/2003,26.440001
2003,5/30/2003,26.35
2003,5/29/2003,26.059999
2003,5/28/2003,26.09
2003,5/27/2003,26.110001
2003,5/23/2003,25.860001
2003,5/22/2003,25.75
2003,5/21/2003,25.559999
2003,5/20/2003,25.49
2003,5/19/2003,25.459999
2003,5/16/2003,25.870001
2003,5/15/2003,25.82
2003,5/14/2003,25.709999
2003,5/13/2003,25.68
2003,5/12/2003,25.68
2003,5/9/2003,25.440001
2003,5/8/2003,25.23
2003,5/7/2003,25.379999
2003,5/6/2003,25.41
2003,5/5/2003,25.200001
2003,5/2/2003,25.18
2003,5/1/2003,24.959999
2003,4/30/2003,24.950001
2003,4/29/2003,24.84
2003,4/28/2003,24.82
2003,4/25/2003,24.549999
2003,4/24/2003,24.74
2003,4/23/2003,24.82
2003,4/22/2003,24.65
2003,4/21/2003,24.309999
2003,4/17/2003,24.35
2003,4/16/2003,24.15
2003,4/15/2003,24.33
2003,4/14/2003,24.18
2003,4/11/2003,23.9
2003,4/10/2003,23.98
2003,4/9/2003,23.92
2003,4/8/2003,24.059999
2003,4/7/2003,24.08
2003,4/4/2003,24.02
2003,4/3/2003,23.93
2003,4/2/2003,24.049999
2003,4/1/2003,23.73
2003,3/31/2003,23.559999
2003,3/28/2003,23.799999
2003,3/27/2003,24.02
2003,3/26/2003,24.030001
2003,3/25/2003,24.07
2003,3/24/2003,23.93
2003,3/21/2003,24.379999
2003,3/20/2003,24.030001
2003,3/19/2003,24.02
2003,3/18/2003,23.92
2003,3/17/2003,23.83
2003,3/14/2003,23.389999
2003,3/13/2003,23.33
2003,3/12/2003,23.02
2003,3/11/2003,23.059999
2003,3/10/2003,23.209999
2003,3/7/2003,23.549999
2003,3/6/2003,23.450001
2003,3/5/2003,23.620001
2003,3/4/2003,23.5
2003,3/3/2003,23.709999
2003,2/28/2003,23.75
2003,2/27/2003,23.65
2003,2/26/2003,23.530001
2003,2/25/2003,23.67
2003,2/24/2003,23.610001
2003,2/21/2003,23.860001
2003,2/20/2003,23.719999
2003,2/19/2003,23.83
2003,2/18/2003,23.92
2003,2/14/2003,23.620001
2003,2/13/2003,23.4
2003,2/12/2003,23.379999
2003,2/11/2003,23.540001
2003,2/10/2003,23.67
2003,2/7/2003,23.620001
2003,2/6/2003,23.74
2003,2/5/2003,23.85
2003,2/4/2003,23.940001
2003,2/3/2003,24.09
2003,1/31/2003,24.030001
2003,1/30/2003,23.809999
2003,1/29/2003,24.07
2003,1/28/2003,23.98
2003,1/27/2003,23.790001
2003,1/24/2003,24.08
2003,1/23/2003,24.5
2003,1/22/2003,24.360001
2003,1/21/2003,24.58
2003,1/17/2003,24.85
2003,1/16/2003,25.030001
2003,1/15/2003,25.07
2003,1/14/2003,25.27
2003,1/13/2003,25.190001
2003,1/10/2003,25.209999
2003,1/9/2003,25.200001
2003,1/8/2003,24.99
2003,1/7/2003,25.190001
2003,1/6/2003,25.370001
2003,1/3/2003,24.959999
2003,1/2/2003,24.950001
2002,12/31/2002,24.559999
2002,12/30/2002,24.51
2002,12/27/2002,24.389999
2002,12/26/2002,24.59
2002,12/24/2002,24.6
2002,12/23/2002,24.66
2002,12/20/2002,24.68
2002,12/19/2002,24.700001
2002,12/18/2002,24.77
2002,12/17/2002,24.91
2002,12/16/2002,25.02
2002,12/13/2002,24.67
2002,12/12/2002,24.83
2002,12/11/2002,24.889999
2002,12/10/2002,24.83
2002,12/9/2002,24.66
2002,12/6/2002,24.950001
2002,12/5/2002,24.83
2002,12/4/2002,24.959999
2002,12/3/2002,25.01
2002,12/2/2002,25.23
2002,11/29/2002,25.190001
2002,11/27/2002,25.190001
2002,11/26/2002,24.790001
2002,11/25/2002,25.040001
2002,11/22/2002,25.02
2002,11/21/2002,25.049999
2002,11/20/2002,24.68
2002,11/19/2002,24.5
2002,11/18/2002,24.5
2002,11/15/2002,24.57
2002,11/14/2002,24.459999
2002,11/13/2002,24.15
2002,11/12/2002,24.23
2002,11/11/2002,24.09
2002,11/8/2002,24.469999
2002,11/7/2002,24.52
2002,11/6/2002,24.83
2002,11/5/2002,24.58
2002,11/4/2002,24.49
2002,11/1/2002,24.389999
2002,10/31/2002,24.139999
2002,10/30/2002,24.190001
2002,10/29/2002,24.030001
2002,10/28/2002,24.110001
2002,10/25/2002,24.16
2002,10/24/2002,23.969999
2002,10/23/2002,24.129999
2002,10/22/2002,24.049999
2002,10/21/2002,24.290001
2002,10/18/2002,23.959999
2002,10/17/2002,23.92
2002,10/16/2002,23.639999
2002,10/15/2002,24.02
2002,10/14/2002,23.370001
2002,10/11/2002,23.34
2002,10/10/2002,22.82
2002,10/9/2002,22.290001
2002,10/8/2002,22.790001
2002,10/7/2002,22.690001
2002,10/4/2002,22.940001
2002,10/3/2002,23.33
2002,10/2/2002,23.43
2002,10/1/2002,23.85
2002,9/30/2002,23.34
2002,9/27/2002,23.469999
2002,9/26/2002,24.139999
2002,9/25/2002,23.809999
2002,9/24/2002,23.5
2002,9/23/2002,23.870001
2002,9/20/2002,23.99
2002,9/19/2002,23.93
2002,9/18/2002,24.32
2002,9/17/2002,24.4
2002,9/16/2002,24.719999
2002,9/13/2002,24.68
2002,9/12/2002,24.709999
2002,9/11/2002,24.99
2002,9/10/2002,24.98
2002,9/9/2002,24.870001
2002,9/6/2002,24.709999
2002,9/5/2002,24.549999
2002,9/4/2002,24.84
2002,9/3/2002,24.66
2002,8/30/2002,25.23
2002,8/29/2002,25.209999
2002,8/28/2002,25.24
2002,8/27/2002,25.540001
2002,8/26/2002,25.700001
2002,8/23/2002,25.540001
2002,8/22/2002,25.870001
2002,8/21/2002,25.65
2002,8/20/2002,25.41
2002,8/19/2002,25.58
2002,8/16/2002,25.24
2002,8/15/2002,25.360001
2002,8/14/2002,25.26
2002,8/13/2002,24.790001
2002,8/12/2002,25.1
2002,8/9/2002,25.18
2002,8/8/2002,25.09
2002,8/7/2002,24.610001
2002,8/6/2002,24.290001
2002,8/5/2002,23.889999
2002,8/2/2002,24.48
2002,8/1/2002,24.790001
2002,7/31/2002,25.15
2002,7/30/2002,24.93
2002,7/29/2002,24.85
2002,7/26/2002,24.139999
2002,7/25/2002,23.99
2002,7/24/2002,23.870001
2002,7/23/2002,23.17
2002,7/22/2002,23.58
2002,7/19/2002,24.07
2002,7/18/2002,24.58
2002,7/17/2002,24.9
2002,7/16/2002,24.860001
2002,7/15/2002,25.16
2002,7/12/2002,25.219999
2002,7/11/2002,25.379999
2002,7/10/2002,25.370001
2002,7/9/2002,25.879999
2002,7/8/2002,26.18
2002,7/5/2002,26.309999
2002,7/3/2002,25.879999
2002,7/2/2002,25.870001
2002,7/1/2002,26.190001
2002,6/28/2002,26.469999
2002,6/27/2002,26.34
2002,6/26/2002,26.139999
2002,6/25/2002,26.200001
2002,6/24/2002,26.41
2002,6/21/2002,26.469999
2002,6/20/2002,26.84
2002,6/19/2002,27.01
2002,6/18/2002,27.219999
2002,6/17/2002,27.139999
2002,6/14/2002,26.690001
2002,6/13/2002,26.75
2002,6/12/2002,26.860001
2002,6/11/2002,26.780001
2002,6/10/2002,27
2002,6/7/2002,26.92
2002,6/6/2002,26.940001
2002,6/5/2002,27.219999
2002,6/4/2002,27.129999
2002,6/3/2002,27.209999
2002,5/31/2002,27.57
2002,5/30/2002,27.52
2002,5/29/2002,27.57
2002,5/28/2002,27.59
2002,5/24/2002,27.700001
2002,5/23/2002,27.879999
2002,5/22/2002,27.700001
2002,5/21/2002,27.559999
2002,5/20/2002,27.610001
2002,5/17/2002,27.73
2002,5/16/2002,27.68
2002,5/15/2002,27.610001
2002,5/14/2002,27.68
2002,5/13/2002,27.440001
2002,5/10/2002,27.219999
2002,5/9/2002,27.4
2002,5/8/2002,27.540001
2002,5/7/2002,27.139999
2002,5/6/2002,27.17
2002,5/3/2002,27.48
2002,5/2/2002,27.51
2002,5/1/2002,27.51
2002,4/30/2002,27.379999
2002,4/29/2002,27.15
2002,4/26/2002,27.379999
2002,4/25/2002,27.5
2002,4/24/2002,27.52
2002,4/23/2002,27.629999
2002,4/22/2002,27.690001
2002,4/19/2002,27.940001
2002,4/18/2002,27.940001
2002,4/17/2002,27.969999
2002,4/16/2002,27.98
2002,4/15/2002,27.620001
2002,4/12/2002,27.74
2002,4/11/2002,27.67
2002,4/10/2002,27.969999
2002,4/9/2002,27.75
2002,4/8/2002,27.780001
2002,4/5/2002,27.799999
2002,4/4/2002,27.76
2002,4/3/2002,27.75
2002,4/2/2002,27.879999
2002,4/1/2002,27.91
2002,3/28/2002,27.959999
2002,3/27/2002,27.950001
2002,3/26/2002,27.780001
2002,3/25/2002,27.620001
2002,3/22/2002,27.870001
2002,3/21/2002,28.17
2002,3/20/2002,28.18
2002,3/19/2002,28.42
2002,3/18/2002,28.34
2002,3/15/2002,28.33
2002,3/14/2002,28.120001
2002,3/13/2002,28.17
2002,3/12/2002,28.280001
2002,3/11/2002,28.26
2002,3/8/2002,28.16
2002,3/7/2002,28.25
2002,3/6/2002,28.41
2002,3/5/2002,28.09
2002,3/4/2002,28.299999
2002,3/1/2002,27.9
2002,2/28/2002,27.58
2002,2/27/2002,27.610001
2002,2/26/2002,27.5
2002,2/25/2002,27.49
2002,2/22/2002,27.23
2002,2/21/2002,27.07
2002,2/20/2002,27.18
2002,2/19/2002,26.99
2002,2/15/2002,27.299999
2002,2/14/2002,27.309999
2002,2/13/2002,27.309999
2002,2/12/2002,27.16
2002,2/11/2002,27.24
2002,2/8/2002,26.93
2002,2/7/2002,26.67
2002,2/6/2002,26.690001
2002,2/5/2002,26.780001
2002,2/4/2002,26.93
2002,2/1/2002,27.25
2002,1/31/2002,27.33
2002,1/30/2002,27.02
2002,1/29/2002,26.870001
2002,1/28/2002,27.290001
2002,1/25/2002,27.290001
2002,1/24/2002,27.200001
2002,1/23/2002,27.02
2002,1/22/2002,26.879999
2002,1/18/2002,26.950001
2002,1/17/2002,27
2002,1/16/2002,26.91
2002,1/15/2002,27.18
2002,1/14/2002,27.09
2002,1/11/2002,27.27
2002,1/10/2002,27.360001
2002,1/9/2002,27.379999
2002,1/8/2002,27.459999
2002,1/7/2002,27.629999
2002,1/4/2002,27.66
2002,1/3/2002,27.49
2002,1/2/2002,27.280001
2001,12/31/2001,27.26
2001,12/28/2001,27.34
2001,12/27/2001,27.25
2001,12/26/2001,27.09
2001,12/24/2001,27.02
2001,12/21/2001,26.99
2001,12/20/2001,28.379999
2001,12/19/2001,28.469999
2001,12/18/2001,28.360001
2001,12/17/2001,28.1
2001,12/14/2001,27.98
2001,12/13/2001,27.969999
2001,12/12/2001,28.26
2001,12/11/2001,28.27
2001,12/10/2001,28.32
2001,12/7/2001,28.530001
2001,12/6/2001,28.73
2001,12/5/2001,28.799999
2001,12/4/2001,28.540001
2001,12/3/2001,28.280001
2001,11/30/2001,28.41
2001,11/29/2001,28.32
2001,11/28/2001,28.049999
2001,11/27/2001,28.33
2001,11/26/2001,28.389999
2001,11/23/2001,28.33
2001,11/21/2001,28.120001
2001,11/20/2001,28.290001
2001,11/19/2001,28.379999
2001,11/16/2001,28.07
2001,11/15/2001,28.120001
2001,11/14/2001,28.190001
2001,11/13/2001,28.25
2001,11/12/2001,27.959999
2001,11/9/2001,28.049999
2001,11/8/2001,28.07
2001,11/7/2001,28.07
2001,11/6/2001,28.030001
2001,11/5/2001,27.799999
2001,11/2/2001,27.549999
2001,11/1/2001,27.52
2001,10/31/2001,27.16
2001,10/30/2001,27.200001
2001,10/29/2001,27.440001
2001,10/26/2001,27.74
2001,10/25/2001,27.58
2001,10/24/2001,27.360001
2001,10/23/2001,27.299999
2001,10/22/2001,27.370001
2001,10/19/2001,27.09
2001,10/18/2001,27.120001
2001,10/17/2001,27.309999
2001,10/16/2001,27.559999
2001,10/15/2001,27.42
2001,10/12/2001,27.42
2001,10/11/2001,27.52
2001,10/10/2001,27.379999
2001,10/9/2001,27.040001
2001,10/8/2001,27.02
2001,10/5/2001,27.18
2001,10/4/2001,27.16
2001,10/3/2001,27.219999
2001,10/2/2001,26.889999
2001,10/1/2001,26.67
2001,9/28/2001,26.780001
2001,9/27/2001,26.389999
2001,9/26/2001,26.110001
2001,9/25/2001,26.17
2001,9/24/2001,26.040001
2001,9/21/2001,25.5
2001,9/20/2001,25.98
2001,9/19/2001,26.629999
2001,9/18/2001,26.93
2001,9/17/2001,27
2001,9/10/2001,27.969999
2001,9/7/2001,28.02
2001,9/6/2001,28.32
2001,9/5/2001,28.540001
2001,9/4/2001,28.549999
2001,8/31/2001,28.530001
2001,8/30/2001,28.49
2001,8/29/2001,28.690001
2001,8/28/2001,28.82
2001,8/27/2001,28.959999
2001,8/24/2001,29.040001
2001,8/23/2001,28.790001
2001,8/22/2001,28.809999
2001,8/21/2001,28.690001
2001,8/20/2001,28.799999
2001,8/17/2001,28.780001
2001,8/16/2001,28.950001
2001,8/15/2001,28.879999
2001,8/14/2001,28.940001
2001,8/13/2001,28.93
2001,8/10/2001,28.92
2001,8/9/2001,28.73
2001,8/8/2001,28.76
2001,8/7/2001,28.950001
2001,8/6/2001,28.860001
2001,8/3/2001,29.01
2001,8/2/2001,29.08
2001,8/1/2001,29.07
2001,7/31/2001,29.040001
2001,7/30/2001,28.889999
2001,7/27/2001,28.799999
2001,7/26/2001,28.780001
2001,7/25/2001,28.58
2001,7/24/2001,28.290001
2001,7/23/2001,28.67
2001,7/20/2001,28.860001
2001,7/19/2001,28.940001
2001,7/18/2001,28.870001
2001,7/17/2001,28.82
2001,7/16/2001,28.690001
2001,7/13/2001,28.85
2001,7/12/2001,28.75
2001,7/11/2001,28.469999
2001,7/10/2001,28.43
2001,7/9/2001,28.559999
2001,7/6/2001,28.459999
2001,7/5/2001,28.719999
2001,7/3/2001,28.780001
2001,7/2/2001,28.84
2001,6/29/2001,28.65
2001,6/28/2001,28.629999
2001,6/27/2001,28.530001
2001,6/26/2001,28.58
2001,6/25/2001,28.6
2001,6/22/2001,28.709999
2001,6/21/2001,29.02
2001,6/20/2001,28.879999
2001,6/19/2001,28.82
2001,6/18/2001,28.790001
2001,6/15/2001,28.85
2001,6/14/2001,28.889999
2001,6/13/2001,29.219999
2001,6/12/2001,29.32
2001,6/11/2001,29.34
2001,6/8/2001,29.41
2001,6/7/2001,29.549999
2001,6/6/2001,29.57
2001,6/5/2001,29.790001
2001,6/4/2001,29.610001
2001,6/1/2001,29.43
2001,5/31/2001,29.370001
2001,5/30/2001,29.129999
2001,5/29/2001,29.34
2001,5/25/2001,29.290001
2001,5/24/2001,29.42
2001,5/23/2001,29.52
2001,5/22/2001,29.700001
2001,5/21/2001,29.84
2001,5/18/2001,29.709999
2001,5/17/2001,29.65
2001,5/16/2001,29.559999
2001,5/15/2001,29.01
2001,5/14/2001,28.940001
2001,5/11/2001,28.780001
2001,5/10/2001,28.99
2001,5/9/2001,28.950001
2001,5/8/2001,28.85
2001,5/7/2001,28.889999
2001,5/4/2001,28.950001
2001,5/3/2001,28.709999
2001,5/2/2001,28.860001
2001,5/1/2001,28.98
2001,4/30/2001,28.870001
2001,4/27/2001,29.030001
2001,4/26/2001,28.870001
2001,4/25/2001,28.58
2001,4/24/2001,28.389999
2001,4/23/2001,28.540001
2001,4/20/2001,28.610001
2001,4/19/2001,28.74
2001,4/18/2001,28.82
2001,4/17/2001,28.34
2001,4/16/2001,28.209999
2001,4/12/2001,28.190001
2001,4/11/2001,28.059999
2001,4/10/2001,28.280001
2001,4/9/2001,27.889999
2001,4/6/2001,27.709999
2001,4/5/2001,28.02
2001,4/4/2001,27.51
2001,4/3/2001,27.360001
2001,4/2/2001,27.74
2001,3/30/2001,27.889999
2001,3/29/2001,27.68
2001,3/28/2001,27.65
2001,3/27/2001,27.879999
2001,3/26/2001,27.57
2001,3/23/2001,27.290001
2001,3/22/2001,27.309999
2001,3/21/2001,27.629999
2001,3/20/2001,27.940001
2001,3/19/2001,28.16
2001,3/16/2001,27.879999
2001,3/15/2001,28.290001
2001,3/14/2001,28.16
2001,3/13/2001,28.620001
2001,3/12/2001,28.700001
2001,3/9/2001,29.15
2001,3/8/2001,29.440001
2001,3/7/2001,29.23
2001,3/6/2001,29.02
2001,3/5/2001,28.969999
2001,3/2/2001,28.85
2001,3/1/2001,28.719999
2001,2/28/2001,28.67
2001,2/27/2001,28.809999
2001,2/26/2001,28.74
2001,2/23/2001,28.379999
2001,2/22/2001,28.48
2001,2/21/2001,28.48
2001,2/20/2001,28.74
2001,2/16/2001,28.809999
2001,2/15/2001,28.879999
2001,2/14/2001,28.790001
2001,2/13/2001,28.969999
2001,2/12/2001,28.99
2001,2/9/2001,28.870001
2001,2/8/2001,28.870001
2001,2/7/2001,28.889999
2001,2/6/2001,28.9
2001,2/5/2001,28.91
2001,2/2/2001,28.83
2001,2/1/2001,28.969999
2001,1/31/2001,28.780001
2001,1/30/2001,28.67
2001,1/29/2001,28.459999
2001,1/26/2001,28.360001
2001,1/25/2001,28.43
2001,1/24/2001,28.25
2001,1/23/2001,28.219999
2001,1/22/2001,28.129999
2001,1/19/2001,27.98
2001,1/18/2001,28.24
2001,1/17/2001,28.09
2001,1/16/2001,28.129999
2001,1/12/2001,27.9
2001,1/11/2001,28.07
2001,1/10/2001,28.15
2001,1/9/2001,28.129999
2001,1/8/2001,28.280001
2001,1/5/2001,28.190001
2001,1/4/2001,28.33
2001,1/3/2001,28.33
2001,1/2/2001,28.16
2000,12/29/2000,28.209999
2000,12/28/2000,28.33
2000,12/27/2000,28.26
2000,12/26/2000,28.02
2000,12/22/2000,27.82
2000,12/21/2000,29.280001
2000,12/20/2000,29.049999
2000,12/19/2000,29.27
2000,12/18/2000,29.280001
2000,12/15/2000,28.860001
2000,12/14/2000,29.120001
2000,12/13/2000,29.35
2000,12/12/2000,29.379999
2000,12/11/2000,29.33
2000,12/8/2000,29.360001
2000,12/7/2000,29.200001
2000,12/6/2000,29.25
2000,12/5/2000,29.5
2000,12/4/2000,29.200001
2000,12/1/2000,28.83
2000,11/30/2000,28.83
2000,11/29/2000,28.9
2000,11/28/2000,28.639999
2000,11/27/2000,28.549999
2000,11/24/2000,28.469999
2000,11/22/2000,28.379999
2000,11/21/2000,28.549999
2000,11/20/2000,28.51
2000,11/17/2000,28.68
2000,11/16/2000,28.76
2000,11/15/2000,28.809999
2000,11/14/2000,28.73
2000,11/13/2000,28.57
2000,11/10/2000,28.59
2000,11/9/2000,28.719999
2000,11/8/2000,28.780001
2000,11/7/2000,28.73
2000,11/6/2000,28.75
2000,11/3/2000,28.6
2000,11/2/2000,28.700001
2000,11/1/2000,28.75
2000,10/31/2000,28.790001
2000,10/30/2000,28.540001
2000,10/27/2000,27.91
2000,10/26/2000,27.719999
2000,10/25/2000,27.74
2000,10/24/2000,27.67
2000,10/23/2000,27.67
2000,10/20/2000,27.540001
2000,10/19/2000,27.52
2000,10/18/2000,27.379999
2000,10/17/2000,27.59
2000,10/16/2000,27.700001
2000,10/13/2000,27.639999
2000,10/12/2000,27.5
2000,10/11/2000,27.82
2000,10/10/2000,27.950001
2000,10/9/2000,27.940001
2000,10/6/2000,27.940001
2000,10/5/2000,28.110001
2000,10/4/2000,28.17
2000,10/3/2000,28.17
2000,10/2/2000,28.120001
2000,9/29/2000,28.120001
2000,9/28/2000,28.1
2000,9/27/2000,27.76
2000,9/26/2000,27.700001
2000,9/25/2000,27.76
2000,9/22/2000,27.76
2000,9/21/2000,27.77
2000,9/20/2000,27.719999
2000,9/19/2000,27.940001
2000,9/18/2000,28.08
2000,9/15/2000,28.33
2000,9/14/2000,28.42
2000,9/13/2000,28.58
2000,9/12/2000,28.629999
2000,9/11/2000,28.65
2000,9/8/2000,28.59
2000,9/7/2000,28.620001
2000,9/6/2000,28.73
2000,9/5/2000,28.700001
2000,9/1/2000,28.58
2000,8/31/2000,28.48
2000,8/30/2000,28.41
2000,8/29/2000,28.4
2000,8/28/2000,28.540001
2000,8/25/2000,28.559999
2000,8/24/2000,28.51
2000,8/23/2000,28.49
2000,8/22/2000,28.530001
2000,8/21/2000,28.530001
2000,8/18/2000,28.52
2000,8/17/2000,28.58
2000,8/16/2000,28.52
2000,8/15/2000,28.57
2000,8/14/2000,28.690001
2000,8/11/2000,28.540001
2000,8/10/2000,28.389999
2000,8/9/2000,28.32
2000,8/8/2000,28.440001
2000,8/7/2000,28.299999
2000,8/4/2000,28.059999
2000,8/3/2000,27.959999
2000,8/2/2000,27.879999
2000,8/1/2000,27.74
2000,7/31/2000,27.5
2000,7/28/2000,27.469999
2000,7/27/2000,27.58
2000,7/26/2000,27.4
2000,7/25/2000,27.540001
2000,7/24/2000,27.51
2000,7/21/2000,27.58
2000,7/20/2000,27.68
2000,7/19/2000,27.540001
2000,7/18/2000,27.59
2000,7/17/2000,27.73
2000,7/14/2000,27.889999
2000,7/13/2000,27.969999
2000,7/12/2000,27.959999
2000,7/11/2000,27.99
2000,7/10/2000,27.719999
2000,7/7/2000,27.59
2000,7/6/2000,27.450001
2000,7/5/2000,27.469999
2000,7/3/2000,27.5
2000,6/30/2000,27.120001
2000,6/29/2000,27.360001
2000,6/28/2000,27.370001
2000,6/27/2000,27.4
2000,6/26/2000,27.32
2000,6/23/2000,27.27
2000,6/22/2000,27.459999
2000,6/21/2000,27.65
2000,6/20/2000,27.76
2000,6/19/2000,27.959999
2000,6/16/2000,28
2000,6/15/2000,28.139999
2000,6/14/2000,28.33
2000,6/13/2000,28.18
2000,6/12/2000,28.15
2000,6/9/2000,28.049999
2000,6/8/2000,28.040001
2000,6/7/2000,28.17
2000,6/6/2000,28.129999
2000,6/5/2000,28.219999
2000,6/2/2000,28.299999
2000,6/1/2000,28.139999
2000,5/31/2000,27.879999
2000,5/30/2000,27.82
2000,5/26/2000,27.540001
2000,5/25/2000,27.610001
2000,5/24/2000,27.889999
2000,5/23/2000,27.82
2000,5/22/2000,27.92
2000,5/19/2000,27.950001
2000,5/18/2000,28.049999
2000,5/17/2000,27.99
2000,5/16/2000,28.219999
2000,5/15/2000,28.139999
2000,5/12/2000,27.780001
2000,5/11/2000,27.790001
2000,5/10/2000,27.52
2000,5/9/2000,27.66
2000,5/8/2000,27.65
2000,5/5/2000,27.5
2000,5/4/2000,27.309999
2000,5/3/2000,27.280001
2000,5/2/2000,27.58
2000,5/1/2000,27.66
2000,4/28/2000,27.530001
2000,4/27/2000,27.690001
2000,4/26/2000,27.870001
2000,4/25/2000,28.120001
2000,4/24/2000,27.790001
2000,4/20/2000,27.57
2000,4/19/2000,27.33
2000,4/18/2000,27.360001
2000,4/17/2000,27.290001
2000,4/14/2000,27.1
2000,4/13/2000,27.99
2000,4/12/2000,28.059999
2000,4/11/2000,28.02
2000,4/10/2000,27.82
2000,4/7/2000,27.65
2000,4/6/2000,27.809999
2000,4/5/2000,27.639999
2000,4/4/2000,27.75
2000,4/3/2000,27.690001
2000,3/31/2000,27.299999
2000,3/30/2000,27.219999
2000,3/29/2000,26.870001
2000,3/28/2000,26.68
2000,3/27/2000,26.77
2000,3/24/2000,26.889999
2000,3/23/2000,27.23
2000,3/22/2000,26.99
2000,3/21/2000,27.190001
2000,3/20/2000,26.83
2000,3/17/2000,26.84
2000,3/16/2000,27.18
2000,3/15/2000,26.24
2000,3/14/2000,25.48
2000,3/13/2000,25.620001
2000,3/10/2000,25.639999
2000,3/9/2000,25.73
2000,3/8/2000,25.540001
2000,3/7/2000,25.34
2000,3/6/2000,25.66
2000,3/3/2000,25.9
2000,3/2/2000,25.620001
2000,3/1/2000,25.700001
2000,2/29/2000,25.67
2000,2/28/2000,25.559999
2000,2/25/2000,25.389999
2000,2/24/2000,25.6
2000,2/23/2000,25.879999
2000,2/22/2000,26.15
2000,2/18/2000,25.92
2000,2/17/2000,26.33
2000,2/16/2000,26.360001
2000,2/15/2000,26.389999
2000,2/14/2000,26.190001
2000,2/11/2000,26.02
2000,2/10/2000,26.290001
2000,2/9/2000,26.459999
2000,2/8/2000,26.809999
2000,2/7/2000,26.75
2000,2/4/2000,26.91
2000,2/3/2000,27.139999
2000,2/2/2000,27.040001
2000,2/1/2000,27
2000,1/31/2000,26.889999
2000,1/28/2000,26.709999
2000,1/27/2000,27.030001
2000,1/26/2000,27.08
2000,1/25/2000,26.99
2000,1/24/2000,27.18
2000,1/21/2000,27.5
2000,1/20/2000,27.52
2000,1/19/2000,27.84
2000,1/18/2000,27.82
2000,1/14/2000,28.110001
2000,1/13/2000,28.1
2000,1/12/2000,27.92
2000,1/11/2000,27.91
2000,1/10/2000,28.17
2000,1/7/2000,28.27
2000,1/6/2000,27.85
2000,1/5/2000,27.450001
